sku	brand	product	vintage	country	note
WRW7599AA	Baron Philippe de Rothschild	Baron Philippe de Rothschild Mouton Cadet Majorie Collas	Current vintage	France	
WRW4210AD	Bodegas Garzon	Garzon Cabernet Franc Reserva	CURRENT VINTAGE	Uruguay	
WRW6575GX	Borga	Borga  Cabernet Sauvignon	CURRENT VINTAGE	Italy	
WSP8899AD	Champagne Ernest Rapeneau	Ernest Rapeneau Vieille France Brut	2007	France	
WSP8906AD	Champagne Gremillet	Champagne Gremillet Rose Brut	NV	France	
WRW7608GX	Chateau Mitrotes	Chateau Mitrotes Saint Emilion Grand Cru	CURRENT VINTAGE	France	
WRW7598GX	Comte Desclos	Comte Desclos Bordeaux	CURRENT VINTAGE	France	
WRW6597GX	Corryton Burge	Corryton Burge  Percival Norman Barossa Shiraz	Current Vintage	Australia	
LWH1211AE	Ezra Brooks	Ezra Brooks 99 Rye (700 ml)	NV	USA	
LWS0011AB	GAO HANG	GAO HANG Jasmine Rice Spirit		Thailand	Thai local spirit - no online presence, request from supplier
WWW6019AD	Garofoli	Garofoli Supera Verdicchio Di Matelica	CURRENT VINTAGE	Italy	
LWS0001HE	KAO HOM	KAO HOM Chaiyaphum (700 ml)		Thailand	Thai local spirit - no online presence, request from supplier
LWS0002HE	KAO HOM	KAO HOM Chaiyaphum (330 ml)		Thailand	Thai local spirit - no online presence, request from supplier
LWH1212AE	Kilchoman	Kilchoman Batch Strength (700 ml)	NV	Scotland	
LLQ0420AE	Massenez	Massenez  Liqueur de Pomme Verte ( Green Apple) (700 ml)	NV	France	
LLQ0474AE	Massenez	Massenez  Liqueur De Pamplemousse (Pink Grapefruit) (700 ml)	NV	France	
WSP8892FS	Montelvini	Montelvini Prosecco Doc Rose Treviso Brut (Serenitatis Collection)	Current vintage	Italy	
WSP8893FS	Montelvini	Montelvini Prosecco Doc Treviso Extra Dry (Serenitatis Collection)	Current vintage	Italy	
WSP8894FS	Montelvini	Montelvini Prosecco Treviso Doc Brut (Serenitatis Collection)	Current vintage	Italy	
WSP8895FS	Montelvini	Montelvini Asolo Prosecco Superiore Docg Extra Dry	Current vintage	Italy	
WSP8896FS	Montelvini	Montelvini Spumante Dolce (Sweet)	Current vintage	Italy	
LWS0003HF	Onson	Onson Premium (330 ml)		Thailand	Thai local spirit - no online presence, request from supplier
LWS0004HF	Onson	Onson Premium (750 ml)		Thailand	Thai local spirit - no online presence, request from supplier
LWS0005HF	Onson	Onson Gintanakarn (750 ml)		Thailand	Thai local spirit - no online presence, request from supplier
LWS0006HF	Onson	Onson Gintanakarn (330 ml)		Thailand	Thai local spirit - no online presence, request from supplier
LWS0007HF	Onson	Onson Classic (750 ml)		Thailand	Thai local spirit - no online presence, request from supplier
LWS0008HF	Onson	Onson Classic (330 ml)		Thailand	Thai local spirit - no online presence, request from supplier
LWS0009HF	Onson	Onson Fornrum (750 ml)		Thailand	Thai local spirit - no online presence, request from supplier
LWS0010HF	Onson	Onson Fornrum (330 ml)		Thailand	Thai local spirit - no online presence, request from supplier
WRW6985AD	Orin Swift	Orin Swift Eight Years in the Desert red	2021	USA	
LRM0235ES	Ruang Khao	Ruang Khao  Siam Sapphire (700 ml)		Thailand	Thai local spirit - no online presence, request from supplier
WRW6956FS	Santa Helena	Santa Helena Gran Reserva Cabernet Sauvignon	Current vintage	Chile	
WWW6014FS	Santa Helena	Santa Helena Gran Reserva Chardonnay	Current vintage	Chile	
WWW6015FS	Santa Helena	Santa Helena Sweet White	Current vintage	Chile	
WRW7601GT	Torbreck	Torbreck The Pict 2006	2006	Australia	
WRW7602GT	Torbreck	Torbreck The Pict 2007	2007	Australia	
WRW7603GT	Torbreck	Torbreck The Pict 2008	2008	Australia	
WRW7604GT	Torbreck	Torbreck Descendant 2007	2007	Australia	
WRW7605GT	Torbreck	Torbreck Descendant 2008	2008	Australia	
WRW7606GT	Torbreck	Torbreck Factor 2007	2007	Australia	
WRW6577GX	Tornatore	Tornatore  Etna Rosso Trimarchisa	CURRENT VINTAGE	Italy	
