supplier_code,supplier_name,supplier_detail,pricing_structure,drive_bucket_name,drive_supplier_folder_name,drive_supplier_folder_url,profile_status,input_file_type,latest_sample_file,automation_confidence,normalization_readiness,blocker_or_risk,recommended_solution,master_sku_metric_code,master_sku_count,master_top_brands,sample_skus,match_coverage_status,match_coverage_pct,match_coverage_note
AI,Global Food Products,Global Food Products,,,,,,,,,blocked,Supplier code is not mapped to a confirmed Drive folder.,"Map supplier code to the correct Drive supplier folder, then profile latest file.",AI,3,Erdinger (2); Peroni Nastro Azzurro (1),LBE0011AI; LBE0012AI; LBE0244AI,after_normalized_csv,,Requires extracted normalized supplier rows.
AK,Sibour,Sibour,,,,,,,,,blocked,Supplier code is not mapped to a confirmed Drive folder.,"Map supplier code to the correct Drive supplier folder, then profile latest file.",AK,85,Jean-Luc Colombo (14); Damm (6); PKNT (6); Norfolk Rise (6); Wild & Wilder (6),LBE0005AK; LBE0130AK; LBE0131AK; LBE0132AK; LBE0133AK; LBE0128AK,after_normalized_csv,,Requires extracted normalized supplier rows.
AM,D-Wine,D-Wine,,,,,,,,,blocked,Supplier code is not mapped to a confirmed Drive folder.,"Map supplier code to the correct Drive supplier folder, then profile latest file.",AM,3,Billabong (3),WNA0003AM; WNA0002AM; WNA0001AM,after_normalized_csv,,Requires extracted normalized supplier rows.
AN,Brewberry,Brewberry,,,,,,,,,blocked,Supplier code is not mapped to a confirmed Drive folder.,"Map supplier code to the correct Drive supplier folder, then profile latest file.",AN,13,Hoegaarden (8); Leffe (4); Stella Artois (1),LBE0006AN; LBE0007AN; LBE0008AN; LBE0236AN; LBE0174AN; LBE0175AN,after_normalized_csv,,Requires extracted normalized supplier rows.
AP,Pacer Grow,Pacer Grow,,,,,,,,,blocked,Supplier code is not mapped to a confirmed Drive folder.,"Map supplier code to the correct Drive supplier folder, then profile latest file.",AP,50,Pages (10); Millaman (7); Cecilia Beretta (6); Matisse (5); Churchview (5),LWH0053AP; LWH0054AP; LWH0056AP; LWH0057AP; LWH0077AP; WRW1220AP,after_normalized_csv,,Requires extracted normalized supplier rows.
AU,Smiling Mad Dog,Smiling Mad Dog,,,,,,,,,blocked,Supplier code is not mapped to a confirmed Drive folder.,"Map supplier code to the correct Drive supplier folder, then profile latest file.",AU,74,Brew Dog (7); Evil Twin Brewing (6); Santa Julia (6); St.Bernardus (5); Brothers Cider (5),LBE0119AU; LBE0117AU; LBE0118AU; LBE0123AU; LBE0120AU; LBE0200AU,after_normalized_csv,,Requires extracted normalized supplier rows.
AV,Drinkwise,Drinkwise,,,,,,,,,blocked,Supplier code is not mapped to a confirmed Drive folder.,"Map supplier code to the correct Drive supplier folder, then profile latest file.",AV,54,Hitachino (9); Bong Spirit (9); The Japanese Bitters (7); Ark (5); Sod Chaeng (5),LBE0307AV; LBE0311AV; LBE0312AV; LBE0315AV; LBE0309AV; LBE0308AV,after_normalized_csv,,Requires extracted normalized supplier rows.
AX,"Flow Inter Co., Ltd.","Flow Inter Co., Ltd.",,,,,,,,,blocked,Supplier code is not mapped to a confirmed Drive folder.,"Map supplier code to the correct Drive supplier folder, then profile latest file.",AX,15,Paulaner (7); Fuller's (5); Hacker-Pschorr (3),LBE0272AX; LBE0287AX; LBE0267AX; LBE0273AX; LBE0257AX; LBE0258AX,after_normalized_csv,,Requires extracted normalized supplier rows.
BD,Oceanglass,Oceanglass,,,,,,,,,blocked,Supplier code is not mapped to a confirmed Drive folder.,"Map supplier code to the correct Drive supplier folder, then profile latest file.",BD,63,Lucaris (63),GWN0099BD; GWN0100BD; GWN0101BD; GWN0102BD; GWN0106BD; GWN0105BD,after_normalized_csv,,Requires extracted normalized supplier rows.
BG,Mini bar services,Mini bar services (Thailand),,,,,,,,,blocked,Supplier code is not mapped to a confirmed Drive folder.,"Map supplier code to the correct Drive supplier folder, then profile latest file.",BG,4,f fashiontv (4),LVK0055BG; LVK0058BG; LVK0056BG; LVK0059BG,after_normalized_csv,,Requires extracted normalized supplier rows.
BH,"W.kiert & Fuji Co., Ltd.","W.kiert & Fuji Co., Ltd.",,,,,,,,,blocked,Supplier code is not mapped to a confirmed Drive folder.,"Map supplier code to the correct Drive supplier folder, then profile latest file.",BH,12,Vinturi (12),ABA0001BH; ABA0002BH; ABA0003BH; ABA0004BH; ABA0520BH; ABA0521BH,after_normalized_csv,,Requires extracted normalized supplier rows.
BJ,Yongchien Intertrade,Yongchien Intertrade,,,,,,,,,blocked,Supplier code is not mapped to a confirmed Drive folder.,"Map supplier code to the correct Drive supplier folder, then profile latest file.",BJ,3,Echigo (3),LBE0396BJ; LBE0397BJ; LBE0398BJ,after_normalized_csv,,Requires extracted normalized supplier rows.
BK,APHI Enterprise,APHI Enterprise,,,,,,,,,blocked,Supplier code is not mapped to a confirmed Drive folder.,"Map supplier code to the correct Drive supplier folder, then profile latest file.",BK,1,Hite (1),LBE0399BK,after_normalized_csv,,Requires extracted normalized supplier rows.
BL,Pacific B&B,Pacific B&B,,,,,,,,,blocked,Supplier code is not mapped to a confirmed Drive folder.,"Map supplier code to the correct Drive supplier folder, then profile latest file.",BL,22,Birra Baladin (5); Opperbacco (3); And Union (3); Grazie Mille (3); Birra Roma (2),LBE0400BL; LBE0756BL; LBE0757BL; LBE0758BL; LBE0759BL; LBE0760BL,after_normalized_csv,,Requires extracted normalized supplier rows.
BM,European Manufacturers United,European Manufacturers United,,,,,,,,,blocked,Supplier code is not mapped to a confirmed Drive folder.,"Map supplier code to the correct Drive supplier folder, then profile latest file.",BM,212,Metrokane (71); Final Touch (50); Koala (43); BarCraft (19); Rabbit (16),ABA0005BM; ABA0009BM; ABA0010BM; ABA0011BM; ABA0015BM; ABA0016BM,after_normalized_csv,,Requires extracted normalized supplier rows.
BQ,International Beverage,International Beverage,,,,,,,,,blocked,Supplier code is not mapped to a confirmed Drive folder.,"Map supplier code to the correct Drive supplier folder, then profile latest file.",BQ,30,Liefmans (5); Duvel (4); Filliers (4); Vedett (3); La Chouffe (3),LBE0418BQ; LBE0419BQ; LBE0420BQ; LBE0421BQ; LBE0422BQ; LBE0643BQ,after_normalized_csv,,Requires extracted normalized supplier rows.
BR,Great Earth International Company Limited,Great Earth International Company Limited,,,,,,,,,blocked,Supplier code is not mapped to a confirmed Drive folder.,"Map supplier code to the correct Drive supplier folder, then profile latest file.",BR,57,Spiegelau (24); Eurocave (20); Plumm (11); Glencairn (2),GWN0121BR; GWN0122BR; GWN0123BR; GWN0124BR; GWN0125BR; GWN0126BR,after_normalized_csv,,Requires extracted normalized supplier rows.
BT,"The Pacific Cigar co.,ltd","The Pacific Cigar (Thailand) co.,ltd (Cigar)",,,,,,,,,blocked,Supplier code is not mapped to a confirmed Drive folder.,"Map supplier code to the correct Drive supplier folder, then profile latest file.",BT,152,Montecristo (17); Old Malt Cask (13); Compass Box (11); Partagas (11); Romeo Y Julieta (11),LWH0135BT; LWH0132BT; LWH0133BT; LWH0134BT; LWH0131BT; LWH0086BT,after_normalized_csv,,Requires extracted normalized supplier rows.
BT2,"The Pacific Cigar co.,ltd","The Pacific Cigar (Thailand) co.,ltd (Whisky)",,,,,,,,,blocked,Supplier code is not mapped to a confirmed Drive folder.,"Map supplier code to the correct Drive supplier folder, then profile latest file.",BT,152,Montecristo (17); Old Malt Cask (13); Compass Box (11); Partagas (11); Romeo Y Julieta (11),LWH0135BT; LWH0132BT; LWH0133BT; LWH0134BT; LWH0131BT; LWH0086BT,after_normalized_csv,,Requires extracted normalized supplier rows.
BT3,"The Pacific Cigar co.,ltd","The Pacific Cigar (Thailand) co.,ltd (Sake&Shochu)",,,,,,,,,blocked,Supplier code is not mapped to a confirmed Drive folder.,"Map supplier code to the correct Drive supplier folder, then profile latest file.",BT,152,Montecristo (17); Old Malt Cask (13); Compass Box (11); Partagas (11); Romeo Y Julieta (11),LWH0135BT; LWH0132BT; LWH0133BT; LWH0134BT; LWH0131BT; LWH0086BT,after_normalized_csv,,Requires extracted normalized supplier rows.
BU-VV,Vim&Vigor,Vim&Vigor (Consignment),,,,,,,,,blocked,Supplier code is not mapped to a confirmed Drive folder.,"Map supplier code to the correct Drive supplier folder, then profile latest file.",BU,526,Johnnie Walker (70); Hennessy (41); Jacob's Creek (28); Absolut (22); Jack Daniel's (19),LTQ0015BU; LTQ0007BU; LTQ0006BU; LWH0028BU; LWH0030BU; LWH0031BU,after_normalized_csv,,Requires extracted normalized supplier rows.
BX,"Beervana Co.,Ltd.","Beervana (Thailand) Co.,Ltd.",,,,,,,,,blocked,Supplier code is not mapped to a confirmed Drive folder.,"Map supplier code to the correct Drive supplier folder, then profile latest file.",BX,13,Deschutes (4); Rogue (3); Founders (3); Stone (3),LBE0440BX; LBE0441BX; LBE0443BX; LBE0450BX; LBE0451BX; LBE0775BX,after_normalized_csv,,Requires extracted normalized supplier rows.
CA,"The Bottles Co., Ltd.","The Bottles Co., Ltd.",,,,,,,,,blocked,Supplier code is not mapped to a confirmed Drive folder.,"Map supplier code to the correct Drive supplier folder, then profile latest file.",CA,23,Mysterious (9); Hello Kitty (4); Bouchon (3); Moute (3); Silverstone (2),WSP1170CA; WSP1173CA; WSP1172CA; WSP1171CA; WRW2240CA; WRW2241CA,after_normalized_csv,,Requires extracted normalized supplier rows.
CC,2 Remedy Thailand Company Limited,2 Remedy Thailand Company Limited,,,,,,,,,blocked,Supplier code is not mapped to a confirmed Drive folder.,"Map supplier code to the correct Drive supplier folder, then profile latest file.",CC,2,1st Night (1); Ambrosia (1),WDW0077CC; LLQ0137CC,after_normalized_csv,,Requires extracted normalized supplier rows.
CE,"Crave Beverage Co.,Ltd.","Crave Beverage Co.,Ltd.",,,,,,,,,blocked,Supplier code is not mapped to a confirmed Drive folder.,"Map supplier code to the correct Drive supplier folder, then profile latest file.",CE,52,Bob's Bitters (10); Kavalan (7); Bittermens (6); Day of the dead (4); 888 Tres Ochos (3),LBE0490CE; LCC0005CE; LCC0006CE; LCC0007CE; LGN0025CE; LLQ0142CE,after_normalized_csv,,Requires extracted normalized supplier rows.
CI,Corner Stone,Corner Stone (ทรีไลน์),,,,,,,,,blocked,Supplier code is not mapped to a confirmed Drive folder.,"Map supplier code to the correct Drive supplier folder, then profile latest file.",CI,51,Cornerstone (9); Casasilva (8); Brotte (5); Tosti (4); Mt Monster (3),WWW1656CI; WRW3092CI; WSP1189CI; WWW1657CI; WRW3093CI; WWW1658CI,after_normalized_csv,,Requires extracted normalized supplier rows.
CS,Hacklberg Thailand,Hacklberg Thailand,,,,,,,,,blocked,Supplier code is not mapped to a confirmed Drive folder.,"Map supplier code to the correct Drive supplier folder, then profile latest file.",CS,9,Hacklberg (9),LBE0536CS; LBE0537CS; LBE0538CS; LBE0539CS; LBE0540CS; LBE0541CS,after_normalized_csv,,Requires extracted normalized supplier rows.
CT,Perfetto Foods,Perfetto Foods,,,,,,,,,blocked,Supplier code is not mapped to a confirmed Drive folder.,"Map supplier code to the correct Drive supplier folder, then profile latest file.",CT,8,Arrigoni (5); Trappolini (3),WRW3186CT; WRW3187CT; WRW3188CT; WRW3189CT; WRW3190CT; WWW1707CT,after_normalized_csv,,Requires extracted normalized supplier rows.
CU,"Jiamphattana Food And Beverage Co.,Ltd.","Jiamphattana Food And Beverage Co.,Ltd.",,,,,,,,,blocked,Supplier code is not mapped to a confirmed Drive folder.,"Map supplier code to the correct Drive supplier folder, then profile latest file.",CU,31,Bodegas Valduero (7); Artero (5); Cuatro Mill (4); Altos de Rioja (3); Navaro Lopez (3),WWW1709CU; WRW3198CU; WRW3199CU; WRW3200CU; WRW3201CU; WRW3202CU,after_normalized_csv,,Requires extracted normalized supplier rows.
CW,Fusion Providores International Facilitation,Fusion Providores International Facilitation,,,,,,,,,blocked,Supplier code is not mapped to a confirmed Drive folder.,"Map supplier code to the correct Drive supplier folder, then profile latest file.",CW,4,Southern Land (4),WRW3210CW; WRW3211CW; WWW1717CW; WWW1718CW,after_normalized_csv,,Requires extracted normalized supplier rows.
CY,"The Matter of Taste Co., Ltd.","The Matter of Taste Co., Ltd.",,,,,,,,,blocked,Supplier code is not mapped to a confirmed Drive folder.,"Map supplier code to the correct Drive supplier folder, then profile latest file.",CY,2,Hime Umeshu (1); Tea Par Tea (1),LOT0053CY; LOT0054CY,after_normalized_csv,,Requires extracted normalized supplier rows.
DA,Serenity Wines,Serenity Wines,,,,,,,,,blocked,Supplier code is not mapped to a confirmed Drive folder.,"Map supplier code to the correct Drive supplier folder, then profile latest file.",DA,9,Innovate (7); Infinitum (2),WRW3257DA; WRW3258DA; WRW3259DA; WWW1740DA; WRW3260DA; WRW3261DA,after_normalized_csv,,Requires extracted normalized supplier rows.
DE,"Primator Co., Ltd.","Primator (Thailand) Co., Ltd.",,,,,,,,,blocked,Supplier code is not mapped to a confirmed Drive folder.,"Map supplier code to the correct Drive supplier folder, then profile latest file.",DE,10,Primator (7); Maeloc Cider (3),LBE0661DE; LBE0662DE; LBE0663DE; LBE0664DE; LBE0665DE; LBE0666DE,after_normalized_csv,,Requires extracted normalized supplier rows.
DK,"Riesling & Co Co., Ltd.","Riesling & Co Co., Ltd.",,,,,,,,,blocked,Supplier code is not mapped to a confirmed Drive folder.,"Map supplier code to the correct Drive supplier folder, then profile latest file.",DK,113,Domaine de L’Ecu (10); Les Bertrand (6); Perticaia (6); Friedrich Becker (5); Josef Leitz (5),WWW2005DK; WRW3815DK; WRW3816DK; WRW3817DK; WRW3818DK; WRW3819DK,after_normalized_csv,,Requires extracted normalized supplier rows.
DN,"Fizz Boyz Co., Ltd.","Fizz Boyz Co., Ltd.",,,,,,,,,blocked,Supplier code is not mapped to a confirmed Drive folder.,"Map supplier code to the correct Drive supplier folder, then profile latest file.",DN,101,Champagne Marguet (8); J.L Vergnon Champagne (8); Roses de Jeanne (7); Charles Dufour (6); Nathalie Falmet (6),WSP1317DN; WSP1319DN; WSP1318DN; WSP1320DN; WSP1336DN; WWW2051DN,after_normalized_csv,,Requires extracted normalized supplier rows.
DP,Silver Lake,Silver Lake,,,,,,,,,blocked,Supplier code is not mapped to a confirmed Drive folder.,"Map supplier code to the correct Drive supplier folder, then profile latest file.",DP,5,Silverlake (5),WRW3850DP; WRW3851DP; WWW2038DP; WWW2039DP; WRS0116DP,after_normalized_csv,,Requires extracted normalized supplier rows.
DT,Yummy House,Yummy House,,,,,,,,,blocked,Supplier code is not mapped to a confirmed Drive folder.,"Map supplier code to the correct Drive supplier folder, then profile latest file.",DT,22,Stone Head (8); Mystic (3); Tongerlo (3); Charles Quint (3); Phuket Beer (1),LBE0772DT; LBE0833DT; LBE0834DT; LBE0835DT; LBE0836DT; LBE0837DT,after_normalized_csv,,Requires extracted normalized supplier rows.
DU,San Miguel Thailand,San Miguel Thailand,,,,,,,,,blocked,Supplier code is not mapped to a confirmed Drive folder.,"Map supplier code to the correct Drive supplier folder, then profile latest file.",DU,10,Magners (6); San Miguel (2); Kirin (2),LBE0868DU; LBE0869DU; LBE0870DU; LBE0872DU; LBE0871DU; LBE0873DU,after_normalized_csv,,Requires extracted normalized supplier rows.
DY,"TempTech Co., Ltd.","TempTech (Thailand) Co., Ltd.",,,,,,,,,blocked,Supplier code is not mapped to a confirmed Drive folder.,"Map supplier code to the correct Drive supplier folder, then profile latest file.",DY,29,Temptech (29),AWC0043DY; AWC0044DY; AWC0046DY; AWC0047DY; AWC0048DY; AWC0049DY,after_normalized_csv,,Requires extracted normalized supplier rows.
EC,GLOBO Internacional,GLOBO Internacional,,,,,,,,,blocked,Supplier code is not mapped to a confirmed Drive folder.,"Map supplier code to the correct Drive supplier folder, then profile latest file.",EC,19,Herdade Do Peso (4); Super Bock (3); Joao Portugal (2); Terra Franca (2); Morgadio Da Torre (2),WDW0115EC; WDW0116EC; WRW4475EC; WRW4476EC; WRS0136EC; WWW2318EC,after_normalized_csv,,Requires extracted normalized supplier rows.
ED,"WINE IS WINE CO., LTD.","WINE IS WINE CO., LTD.",,,,,,,,,blocked,Supplier code is not mapped to a confirmed Drive folder.,"Map supplier code to the correct Drive supplier folder, then profile latest file.",ED,73,Gonzalez Byass Winery (13); Jorge Ordonez Winery (8); Otto Bestue Winery (7); Torello Winery (7); Comenge Winery (4),WSP1542ED; WWW2322ED; WRW4483ED; WWW2323ED; WRW4484ED; WRW4486ED,after_normalized_csv,,Requires extracted normalized supplier rows.
EH,Terroir Wines,Terroir Wines,,,,,,,,,blocked,Supplier code is not mapped to a confirmed Drive folder.,"Map supplier code to the correct Drive supplier folder, then profile latest file.",EH,22,Etienne Sauzet (6); Domaine Joseph Roty (4); Domaine de Mus (2); Domaine Raspail-Ay (1); Caprice de Bastor-Lamontagne (1),WWW2368EH; WWW2369EH; WWW2370EH; WWW2371EH; WWW2372EH; WRW4608EH,after_normalized_csv,,Requires extracted normalized supplier rows.
EJ,Dometic,Dometic,,,,,,,,,blocked,Supplier code is not mapped to a confirmed Drive folder.,"Map supplier code to the correct Drive supplier folder, then profile latest file.",EJ,25,Dometic (25),AWC0076EJ; AWC0078EJ; AWC0079EJ; AWC0080EJ; AWC0096EJ; AWC0097EJ,after_normalized_csv,,Requires extracted normalized supplier rows.
EK,Cote d Azur Spirits,Cote d Azur Spirits,,,,,,,,,blocked,Supplier code is not mapped to a confirmed Drive folder.,"Map supplier code to the correct Drive supplier folder, then profile latest file.",EK,7,Val D'Oca (3); Champagne Louise Marie Bennezon (2); Monte-Carlo (1); Champagne Florence Duchêne (1),LVK0176EK; WSP2479EK; WSP2480EK; WSP2481EK; WSP2564EK; WSP2565EK,after_normalized_csv,,Requires extracted normalized supplier rows.
EL,Intershinningline,Intershinningline,,,,,,,,,blocked,Supplier code is not mapped to a confirmed Drive folder.,"Map supplier code to the correct Drive supplier folder, then profile latest file.",EL,14,Elerlikor (5); Reginerate (3); Spacewurz (2); Elephant (1); Met (1),LGN0112EL; WDW0140EL; LGN0113EL; LGN0114EL; LGN0115EL; LGN0116EL,after_normalized_csv,,Requires extracted normalized supplier rows.
EM,Forteway Food&Beverage,Forteway Food&Beverage,,,,,,,,,blocked,Supplier code is not mapped to a confirmed Drive folder.,"Map supplier code to the correct Drive supplier folder, then profile latest file.",EM,9,Demousse (4); Mawleau (1); Maison Legrand (1); Grand Plessis (1); Duc de Bithynie (1),LBD0142EM; LBD0143EM; LBD0144EM; LBD0145EM; WRW4783EM; WRW4780EM,after_normalized_csv,,Requires extracted normalized supplier rows.
EN,Verasu,Verasu,,,,,,,,,blocked,Supplier code is not mapped to a confirmed Drive folder.,"Map supplier code to the correct Drive supplier folder, then profile latest file.",EN,21,Vintec (14); Kadeka (7),AWC0092EN; AWC0110EN; AWC0111EN; AWC0112EN; AWC0113EN; AWC0114EN,after_normalized_csv,,Requires extracted normalized supplier rows.
EP,Repour thailand,Repour thailand,,,,,,,,,blocked,Supplier code is not mapped to a confirmed Drive folder.,"Map supplier code to the correct Drive supplier folder, then profile latest file.",EP,1,Repour (1),ABA0365EP,after_normalized_csv,,Requires extracted normalized supplier rows.
EW,Sophienwald,Sophienwald,,,,,,,,,blocked,Supplier code is not mapped to a confirmed Drive folder.,"Map supplier code to the correct Drive supplier folder, then profile latest file.",EW,5,Sophienwald (5),GWN0286EW; GWN0287EW; GWN0288EW; GWN0289EW; GDC0041EW,after_normalized_csv,,Requires extracted normalized supplier rows.
EX,"Pulmentum Co., Ltd.","Pulmentum Co., Ltd.",,,,,,,,,blocked,Supplier code is not mapped to a confirmed Drive folder.,"Map supplier code to the correct Drive supplier folder, then profile latest file.",EX,1,Bangkok (1),LVK0189EX,after_normalized_csv,,Requires extracted normalized supplier rows.
FA,"MC GLOBIZ CO.,LTD.","MC GLOBIZ CO.,LTD.",,,,,,,,,blocked,Supplier code is not mapped to a confirmed Drive folder.,"Map supplier code to the correct Drive supplier folder, then profile latest file.",FA,5,Arctic Brands Group (2); Maxville (1); Valamo (1); Nocturne Noir (1),LGN0159FA; LGN0160FA; WRW5115FA; LGN0226FA; LLQ0409FA,after_normalized_csv,,Requires extracted normalized supplier rows.
FD,Little Gourmandises,Little Gourmandises,,,,,,,,,blocked,Supplier code is not mapped to a confirmed Drive folder.,"Map supplier code to the correct Drive supplier folder, then profile latest file.",FD,8,Weihenstephaner (5); J. Oppmann (2); Birra Morena (1),LBE0275FD; LBE0277FD; LBE0274FD; LBE0337FD; LBE0984FD; WSP2497FD,after_normalized_csv,,Requires extracted normalized supplier rows.
FK,"P.K.C. Project Management Co.,Ltd.","P.K.C. Project Management Co.,Ltd. (Consignment)",,,,,,,,,blocked,Supplier code is not mapped to a confirmed Drive folder.,"Map supplier code to the correct Drive supplier folder, then profile latest file.",FK,11,Askur (4); Jura (3); Helix (2); Fettercairn (1); Shackleton (1),LWH0657FK; LWH0658FK; LWH0659FK; LWH0660FK; LWH0661FK; LVK0634FK,after_normalized_csv,,Requires extracted normalized supplier rows.
FL,AVIVA,AVIVA (Consignment),,,,,,,,,blocked,Supplier code is not mapped to a confirmed Drive folder.,"Map supplier code to the correct Drive supplier folder, then profile latest file.",FL,4,Aviva (4),WSP2581FL; WSP2582FL; WSP2583FL; WSP2584FL,after_normalized_csv,,Requires extracted normalized supplier rows.
FM,Kantina,Kantina,,,,,,,,,blocked,Supplier code is not mapped to a confirmed Drive folder.,"Map supplier code to the correct Drive supplier folder, then profile latest file.",FM,4,Rawen (1); Chateau Fondarzac (1); San Marco (1); Thomson Estate (1),WRW5488FM; WRW5489FM; WRW5490FM; WWW5304FM,after_normalized_csv,,Requires extracted normalized supplier rows.
FP,Central Retail,Central Retail,,,,,,,,,blocked,Supplier code is not mapped to a confirmed Drive folder.,"Map supplier code to the correct Drive supplier folder, then profile latest file.",FP,97,Max Ferd. Richter (8); Balthasar Ress (7); M. Chapoutier (5); Juris (5); Rainer Wess (5),WWW4847FP; WRW4968FP; WRW4969FP; WSP2596FP; WSP2597FP; WWW5136FP,after_normalized_csv,,Requires extracted normalized supplier rows.
FV,Ouranos BKK,Ouranos BKK (Consignment),,,,,,,,,blocked,Supplier code is not mapped to a confirmed Drive folder.,"Map supplier code to the correct Drive supplier folder, then profile latest file.",FV,1,Strofilia (1),WRW5852FV,after_normalized_csv,,Requires extracted normalized supplier rows.
FW,Keith and Kym,Keith and Kym,,,,,,,,,blocked,Supplier code is not mapped to a confirmed Drive folder.,"Map supplier code to the correct Drive supplier folder, then profile latest file.",FW,99,The 4 Barmen (79); Vacu Vin (20),ABA0660FW; ABA0661FW; ABA0662FW; ABA0663FW; ABA0664FW; ABA0665FW,after_normalized_csv,,Requires extracted normalized supplier rows.
FY,Motavi Co Ltd,Motavi Co Ltd,,,,,,,,,blocked,Supplier code is not mapped to a confirmed Drive folder.,"Map supplier code to the correct Drive supplier folder, then profile latest file.",FY,10,Chesa Veglia (2); Plascencia (2); Umnum (2); AJ Fernandez (2); Aladino (1),CIG0387FY; CIG0388FY; CIG0389FY; CIG0390FY; CIG0391FY; CIG0392FY,after_normalized_csv,,Requires extracted normalized supplier rows.
GA,Connect Asia,Connect Asia,,,,,,,,,blocked,Supplier code is not mapped to a confirmed Drive folder.,"Map supplier code to the correct Drive supplier folder, then profile latest file.",GA,2,Sapporo (2),LBE0306GA; LBE0316GA,after_normalized_csv,,Requires extracted normalized supplier rows.
GB,"WOLB ENTERPRISE CO., LTD","WOLB ENTERPRISE CO., LTD",,,,,,,,,blocked,Supplier code is not mapped to a confirmed Drive folder.,"Map supplier code to the correct Drive supplier folder, then profile latest file.",GB,5,Davidoff (3); Perfume Trees (1); Pale Ink (1),LBD0196GB; LBD0197GB; LBD0198GB; LGN0356GB; LLQ0494GB,after_normalized_csv,,Requires extracted normalized supplier rows.
GB(2),"WOLB ENTERPRISE CO., LTD","WOLB ENTERPRISE CO., LTD (Consignment)",,,,,,,,,blocked,Supplier code is not mapped to a confirmed Drive folder.,"Map supplier code to the correct Drive supplier folder, then profile latest file.",GB,5,Davidoff (3); Perfume Trees (1); Pale Ink (1),LBD0196GB; LBD0197GB; LBD0198GB; LGN0356GB; LLQ0494GB,after_normalized_csv,,Requires extracted normalized supplier rows.
GF,Creative Bottles Asia Pacific,Creative Bottles Asia Pacific,,,,,,,,,blocked,Supplier code is not mapped to a confirmed Drive folder.,"Map supplier code to the correct Drive supplier folder, then profile latest file.",GF,13,Pingorote (3); Granduc (2); Bohem (2); Latue (2); Nasan (1),LRM0228GF; WRW6202GF; WRW6203GF; WRW6204GF; WRW6205GF; WRW6206GF,after_normalized_csv,,Requires extracted normalized supplier rows.
GG,P.U.R. Distillery Co. Ltd.,P.U.R. Distillery Co. Ltd. (Head Office),,,,,,,,,blocked,Supplier code is not mapped to a confirmed Drive folder.,"Map supplier code to the correct Drive supplier folder, then profile latest file.",GG,6,Pur (6),LSN0003GG; LSN0004GG; LSN0005GG; LSN0006GG; LSN0007GG; LSN0008GG,after_normalized_csv,,Requires extracted normalized supplier rows.
GI,Wine Pilot,Wine Pilot,,,,,,,,,blocked,Supplier code is not mapped to a confirmed Drive folder.,"Map supplier code to the correct Drive supplier folder, then profile latest file.",GI,2,KSG Life (1); batano (1),WRW5975GI; WWW5303GI,after_normalized_csv,,Requires extracted normalized supplier rows.
GK,Asura Beverage,Asura Beverage (Consignment),,,,,,,,,blocked,Supplier code is not mapped to a confirmed Drive folder.,"Map supplier code to the correct Drive supplier folder, then profile latest file.",GK,9,Asura (9),LVK0648GK; LVK0649GK; LRM0229GK; LRM0242GK; LRM0243GK; LRM0249GK,after_normalized_csv,,Requires extracted normalized supplier rows.
GL,Royal Gateway,Royal Gateway,,,,,,,,,blocked,Supplier code is not mapped to a confirmed Drive folder.,"Map supplier code to the correct Drive supplier folder, then profile latest file.",GL,2,Mare Santo (2),WSP5701GL; WSP5702GL,after_normalized_csv,,Requires extracted normalized supplier rows.
GM,Baeksan,Baeksan,,,,,,,,,blocked,Supplier code is not mapped to a confirmed Drive folder.,"Map supplier code to the correct Drive supplier folder, then profile latest file.",GM,14,Chum Churum (8); Kook Soon Dang (6),LSJ0087GM; LSJ0088GM; LSJ0089GM; LSJ0090GM; LSJ0091GM; LSJ0092GM,after_normalized_csv,,Requires extracted normalized supplier rows.
GQ,Noble Wine,Noble Wine (Consignment),,,,,,,,,blocked,Supplier code is not mapped to a confirmed Drive folder.,"Map supplier code to the correct Drive supplier folder, then profile latest file.",GQ,17,Domaine du Chardonnay (3); Champagne H.Blin (3); Chateau Premeaux (2); Champagne Colin (2); Chateau du Bergey (1),WRW6297GQ; WRW6298GQ; WRW6299GQ; WRW6300GQ; WRW6301GQ; WRW6306GQ,after_normalized_csv,,Requires extracted normalized supplier rows.
GR,Inchon distillery,Inchon distillery (Consignment),,,,,,,,,blocked,Supplier code is not mapped to a confirmed Drive folder.,"Map supplier code to the correct Drive supplier folder, then profile latest file.",GR,3,Inchon (3),LGN0348GR; LOT0174GR; LGN0363GR,after_normalized_csv,,Requires extracted normalized supplier rows.
GS,Yummy Greece,Yummy Greece,,,,,,,,,blocked,Supplier code is not mapped to a confirmed Drive folder.,"Map supplier code to the correct Drive supplier folder, then profile latest file.",GS,7,Monemvasia (7),WRW6436GS; WRW6437GS; WRS0244GS; WRW6438GS; WWW5479GS; WWW5480GS,after_normalized_csv,,Requires extracted normalized supplier rows.
GT,RD Wine Consulting,RD Wine Consulting (Consignment),,,,,,,,,blocked,Supplier code is not mapped to a confirmed Drive folder.,"Map supplier code to the correct Drive supplier folder, then profile latest file.",GT,48,Joseph Mellot (7); Maison Jaffelin (6); Torbreck (6); Karthäuserhof (5); Chateau Boyd-Cantenac (2),WRW5548GT; WRW6294GT; WRW6511GT; WRW6512GT; WRW6513GT; WRW6516GT,after_normalized_csv,,Requires extracted normalized supplier rows.
GV,"K.R.INTERTRADE 2017 CO.,LTD","K.R.INTERTRADE 2017 CO.,LTD",,,,,,,,,blocked,Supplier code is not mapped to a confirmed Drive folder.,"Map supplier code to the correct Drive supplier folder, then profile latest file.",GV,5,Palmila (3); Marchile (2),WWW5910GV; WRW6540GV; WRW6541GV; WRW6542GV; WWW5911GV,after_normalized_csv,,Requires extracted normalized supplier rows.
HC,Vim&Vigor,Vim&Vigor (Consignment),,,,,,,,,blocked,Supplier code is not mapped to a confirmed Drive folder.,"Map supplier code to the correct Drive supplier folder, then profile latest file.",HC,21,Blue Moon Siam Paragon (18); Enjoy It (3),WSP8910HC; WRW7006HC; WWW6026HC; LWF0001HC; LWF0002HC; LWF0003HC,after_normalized_csv,,Requires extracted normalized supplier rows.
HC-CEL,เซเลสเทียร์,เซเลสเทียร์ (Consignment),,,,,,,,,blocked,Supplier code is not mapped to a confirmed Drive folder.,"Map supplier code to the correct Drive supplier folder, then profile latest file.",HC,21,Blue Moon Siam Paragon (18); Enjoy It (3),WSP8910HC; WRW7006HC; WWW6026HC; LWF0001HC; LWF0002HC; LWF0003HC,after_normalized_csv,,Requires extracted normalized supplier rows.
HE,บริษัท วินเนอร์โฮม จำกัด,บริษัท วินเนอร์โฮม จำกัด (Consignment),,,,,,,,,blocked,Supplier code is not mapped to a confirmed Drive folder.,"Map supplier code to the correct Drive supplier folder, then profile latest file.",HE,2,KAO HOM (2),LWS0001HE; LWS0002HE,after_normalized_csv,,Requires extracted normalized supplier rows.
HF,Onson,Onson (Consignment),,,,,,,,,blocked,Supplier code is not mapped to a confirmed Drive folder.,"Map supplier code to the correct Drive supplier folder, then profile latest file.",HF,8,Onson (8),LWS0003HF; LWS0004HF; LWS0006HF; LWS0005HF; LWS0007HF; LWS0008HF,after_normalized_csv,,Requires extracted normalized supplier rows.
WN,Wine-now,Wine-now,,,,,,,,,blocked,Supplier code is not mapped to a confirmed Drive folder.,"Map supplier code to the correct Drive supplier folder, then profile latest file.",WN,17,Chateau de la Vieille Tour (2); chateau Pericou (1); Chateau La Croix d'Hourquet (1); Vinum Terra (1); Chateau La Gasquerie (1),WRW6184WN; WRW6185WN; WRW6186WN; WRW6187WN; WRW6188WN; WRW6554WN,after_normalized_csv,,Requires extracted normalized supplier rows.
AC,Universal Fine Wine & Spirit,Universal Fine Wine & Spirit,rsp_price,1.RSP PRICE,Universal Wine (Update),https://drive.google.com/drive/folders/1Xyku5M2wf-uXgmBDzYqIe8d-Bm4PyoX4,profiled_pdf,pdf,PDF.pdf,low,draft_extract_then_review,PDF extraction is not deterministic enough for direct database update.,PDF catalogue parser can draft rows from Size/Region/Product Type/price blocks. Human review required before SKU/cost/RSP update because item codes are not visible.,AC,426,Duckhorn (21); Francis Coppola (12); Freixenet (11); Altivo (11); Danese (11),WDW0003AC; WRW0008AC; WRW0020AC; WRW0022AC; WRW0037AC; WRW0061AC,after_normalized_csv,,Requires extracted normalized supplier rows.
AD,IWS,IWS,rsp_price,1.RSP PRICE,IWS (Update RSP / waiting Pricelist),https://drive.google.com/drive/folders/1SVb4AaB2WmsrDpWuZwurcIEgfTakDv_f,profiled_pdf,pdf,Corporate Price List May 26.pdf,medium,draft_extract_then_review,PDF extraction is not deterministic enough for direct database update.,PDF table extractor can draft rows using code-prefixed lines and repeated header blocks. Treat asterisk special-condition marker and multi-line ratings as notes. Product admin review required before import.,AD,715,Penfolds (51); Concha Y Toro (35); Wolf Blass (32); De Bortoli (20); Castello Banfi (17),WRW0002AD; WRW0012AD; WRW0021AD; WRW0025AD; WRW0033AD; WRW0034AD,after_normalized_csv,,Requires extracted normalized supplier rows.
AE,Gfour,Gfour,rsp_price,1.RSP PRICE,Gfour,https://drive.google.com/drive/folders/1bjvhxfrl8j_7diJJUgYSLJgL8UaKsOgg,profiled_pdf,pdf,Spanish and New World Wine (trade)Full_compressed.pdf,medium,draft_extract_then_review,PDF extraction is not deterministic enough for direct database update.,"PDF block extractor across all files in latest folder. Use item code and product description, preserve region/grape/stock notes. Product admin review required due PDF ordering and multi-file source.",AE,403,Giffard (56); Bitter Truth (17); Lost Distillery (14); Massenez (12); Massolino (10),LVK0033AE; LTQ0113AE; LTQ0112AE; LTQ0111AE; WRW1709AE; LWH0136AE,after_normalized_csv,,Requires extracted normalized supplier rows.
AH,Ambrose,Ambrose,rsp_price,1.RSP PRICE,Ambrose (Update),https://drive.google.com/drive/folders/1PSwToctW_fY7OzLSI3Sjk8wtw_3DgWgo,profiled_pdf,pdf,Winenow price lsit UPDATE.pdf,medium,draft_extract_then_review,PDF extraction is not deterministic enough for direct database update.,"PDF table parser can draft reliable rows from item-code line pattern, then validate RSP incl/excl VAT and margin.",AH,190,Robert Mondavi (17); Hardys (16); Montes (16); San Pedro (13); Kaiken (11),WWW0079AH; WRW0187AH; WWW0080AH; WWW0096AH; WRW0203AH; WRW0207AH,after_normalized_csv,,Requires extracted normalized supplier rows.
BU,Suriwongse Store,Suriwongse Store (OTHER),retail_cash_store,3.Retail Supplier (Cash on store),Surawong Store (Update),https://drive.google.com/drive/folders/1diYjYahAM85D0MEktJGkYg2CBytY8uWX,profiled_pdf,pdf,ใบราคา1.5.69 ราคาที่2 (1).pdf,medium,draft_extract_then_review,PDF extraction is not deterministic enough for direct database update.,"PDF line parser can draft rows by matching category/product/size/pack/price pattern, but needs human review for line breaks and missing item codes.",BU,526,Johnnie Walker (70); Hennessy (41); Jacob's Creek (28); Absolut (22); Jack Daniel's (19),LTQ0015BU; LTQ0007BU; LTQ0006BU; LWH0028BU; LWH0030BU; LWH0031BU,after_normalized_csv,,Requires extracted normalized supplier rows.
BU(2),Suriwongse Store,Suriwongse Store (OTHER),retail_cash_store,3.Retail Supplier (Cash on store),Surawong Store (Update),https://drive.google.com/drive/folders/1diYjYahAM85D0MEktJGkYg2CBytY8uWX,profiled_by_shared_folder,pdf,ใบราคา1.5.69 ราคาที่2 (1).pdf,medium,draft_extract_then_review,PDF extraction is not deterministic enough for direct database update.,Use Surawong PDF parser with BU variant rules.,BU,526,Johnnie Walker (70); Hennessy (41); Jacob's Creek (28); Absolut (22); Jack Daniel's (19),LTQ0015BU; LTQ0007BU; LTQ0006BU; LWH0028BU; LWH0030BU; LWH0031BU,after_normalized_csv,,Requires extracted normalized supplier rows.
BU(4),Suriwongse Store,Suriwongse Store (Pernod Ricard),retail_cash_store,3.Retail Supplier (Cash on store),Surawong Store (Update),https://drive.google.com/drive/folders/1diYjYahAM85D0MEktJGkYg2CBytY8uWX,profiled_by_shared_folder,pdf,ใบราคา1.5.69 ราคาที่2 (1).pdf,medium,draft_extract_then_review,PDF extraction is not deterministic enough for direct database update.,Use Surawong PDF parser with Pernod Ricard brand/category filters.,BU,526,Johnnie Walker (70); Hennessy (41); Jacob's Creek (28); Absolut (22); Jack Daniel's (19),LTQ0015BU; LTQ0007BU; LTQ0006BU; LWH0028BU; LWH0030BU; LWH0031BU,after_normalized_csv,,Requires extracted normalized supplier rows.
BU(9),Suriwongse Store,Suriwongse Store (Brown-Forman),retail_cash_store,3.Retail Supplier (Cash on store),Surawong Store (Update),https://drive.google.com/drive/folders/1diYjYahAM85D0MEktJGkYg2CBytY8uWX,profiled_by_shared_folder,pdf,ใบราคา1.5.69 ราคาที่2 (1).pdf,medium,draft_extract_then_review,PDF extraction is not deterministic enough for direct database update.,Use Surawong PDF parser with Brown-Forman brand/category filters.,BU,526,Johnnie Walker (70); Hennessy (41); Jacob's Creek (28); Absolut (22); Jack Daniel's (19),LTQ0015BU; LTQ0007BU; LTQ0006BU; LWH0028BU; LWH0030BU; LWH0031BU,after_normalized_csv,,Requires extracted normalized supplier rows.
FS,SK Liquor,SK Liquor,no_rsp_price,2. NO RSP PRICE,SK Liqour (Update),https://drive.google.com/drive/folders/1yp0g4ree4q3qyiufOchutbWS4wWsfosX,profiled_pdf,pdf,SK WINE PRice List2026-2(1).pdf,low,draft_extract_then_review,PDF extraction is not deterministic enough for direct database update.,"Do not auto-commit from PDF extraction. First build PDF-to-draft extractor that proposes rows, then require human normalized CSV approval.",FS,138,Hakutsuru (18); Santa Helena (10); Kunizakari (9); Château Clerc Milon (7); Hakutake (7),WRW0062FS; WWW0271FS; WRW0545FS; WRW0554FS; WWW0270FS; WRW1005FS,after_normalized_csv,,Requires extracted normalized supplier rows.
AC2,"EU Wine Co.,Ltd.","EU Wine Co.,Ltd.",rsp_price,1.RSP PRICE,EU Wine,https://drive.google.com/drive/folders/12WBo4skWfRlqPx6rzzLE4CfU5zrKgPpc,,,,,needs_profile,Drive folder is mapped but no file parser profile has been learned yet.,"Inspect latest month folder, fetch representative file text, identify headers, then add profile row.",AC,426,Duckhorn (21); Francis Coppola (12); Freixenet (11); Altivo (11); Danese (11),WDW0003AC; WRW0008AC; WRW0020AC; WRW0022AC; WRW0037AC; WRW0061AC,after_normalized_csv,,Requires extracted normalized supplier rows.
AE4,Brandconnect Thailand,Brandconnect Thailand,rsp_price,1.RSP PRICE,Brandconnect,https://drive.google.com/drive/folders/10OSWAhI7Kl1eBME65GLvthNXckXAIbsg,,,,,needs_profile,Drive folder is mapped but no file parser profile has been learned yet.,"Inspect latest month folder, fetch representative file text, identify headers, then add profile row.",AE,403,Giffard (56); Bitter Truth (17); Lost Distillery (14); Massenez (12); Massolino (10),LVK0033AE; LTQ0113AE; LTQ0112AE; LTQ0111AE; WRW1709AE; LWH0136AE,after_normalized_csv,,Requires extracted normalized supplier rows.
AJ,Lovely Wine,Lovely Wine,no_rsp_price,2. NO RSP PRICE,Lovely Wine (Update),https://drive.google.com/drive/folders/1bYggkGN36p6TtN0DVKXTUlK0NDdO4IYI,,,,,needs_profile,Drive folder is mapped but no file parser profile has been learned yet.,"Inspect latest month folder, fetch representative file text, identify headers, then add profile row.",AJ,196,Finca Flichman (8); Frank Family (7); Merryvale (7); Layer Cake (6); Staglin Family (6),WRW2227AJ; WRW2228AJ; WWW1404AJ; LWH0360AJ; LWH0362AJ; LWH0363AJ,after_normalized_csv,,Requires extracted normalized supplier rows.
AR,SCS Trading,SCS Trading,no_rsp_price,2. NO RSP PRICE,SCS (E-Shochu) (Update),https://drive.google.com/drive/folders/10aq3LGmAodYuEiGareKsHCW3IyNcXPV-,,,,,needs_profile,Drive folder is mapped but no file parser profile has been learned yet.,"Inspect latest month folder, fetch representative file text, identify headers, then add profile row.",AR,106,Kobe Shu Shin Kan (10); Kamotsuru (9); Asamai (9); Komasa Jyozo (8); Niwa no Uguisu (8),LSK0008AR; LSK0009AR; LSK0012AR; LSK0011AR; LSK0013AR; LSK0015AR,after_normalized_csv,,Requires extracted normalized supplier rows.
AU2,Smiling Dark House,Smiling Dark House,rsp_price,1.RSP PRICE,Smiling Dark House (Wine),https://drive.google.com/drive/folders/1Uod9OZ0q3D-YUfzNEtisWIy-_fyK4Ik7,,,,,needs_profile,Drive folder is mapped but no file parser profile has been learned yet.,"Inspect latest month folder, fetch representative file text, identify headers, then add profile row.",AU,74,Brew Dog (7); Evil Twin Brewing (6); Santa Julia (6); St.Bernardus (5); Brothers Cider (5),LBE0119AU; LBE0117AU; LBE0118AU; LBE0123AU; LBE0120AU; LBE0200AU,after_normalized_csv,,Requires extracted normalized supplier rows.
BN,"IQ Wine CO.,Ltd.","IQ Wine CO.,Ltd.",no_rsp_price,2. NO RSP PRICE,IQ Wine (Update),https://drive.google.com/drive/folders/1SqN1pWUtWXTf-_BjlFpQW1OCYRENQBCP,,,,,needs_profile,Drive folder is mapped but no file parser profile has been learned yet.,"Inspect latest month folder, fetch representative file text, identify headers, then add profile row.",BN,362,Montgras (16); Louis Roederer (14); Dominus Estate (10); Echeverria (10); Maison Verget (10),WRW2494BN; WRW1381BN; WRW1382BN; WRW1384BN; WRW1389BN; WRW2493BN,after_normalized_csv,,Requires extracted normalized supplier rows.
BS,"Texica Co., Ltd","Texica Co., Ltd (Head Office)",no_rsp_price,2. NO RSP PRICE,Texica (Update),https://drive.google.com/drive/folders/1BKwmGgu8snTWswNNz7OexU7fUH8cqmxa,,,,,needs_profile,Drive folder is mapped but no file parser profile has been learned yet.,"Inspect latest month folder, fetch representative file text, identify headers, then add profile row.",BS,151,Bottega (32); Alexander (9); Masseria Li Veli (9); Marchesi Di Barolo (8); Cristo Di Campobello (7),WRW1309BS; WRW1310BS; WRW1311BS; WSP1084BS; WSP1085BS; WSP1089BS,after_normalized_csv,,Requires extracted normalized supplier rows.
BU(11),Somphop Liquor,Somphop Liquor,retail_cash_store,3.Retail Supplier (Cash on store),Somphop (Update),https://drive.google.com/drive/folders/1IzXabQt-KXgAO8rJBV8bGvima3WjkA0Y,,,,,needs_profile,Drive folder is mapped but no file parser profile has been learned yet.,"Inspect latest month folder, fetch representative file text, identify headers, then add profile row.",BU,526,Johnnie Walker (70); Hennessy (41); Jacob's Creek (28); Absolut (22); Jack Daniel's (19),LTQ0015BU; LTQ0007BU; LTQ0006BU; LWH0028BU; LWH0030BU; LWH0031BU,after_normalized_csv,,Requires extracted normalized supplier rows.
BU(8),ห้างหุ้นส่วน แฉล้มนิมิต,ห้างหุ้นส่วน แฉล้มนิมิต (Diageo),retail_cash_store,3.Retail Supplier (Cash on store),Chalamnimit (Update),https://drive.google.com/drive/folders/1I-6ugxQ7ooFXkRuBixSKcFb9Icmnm7Hg,pending_profile,pdf,,pending,needs_profile,Folder is known but file content has not been profiled.,Inspect latest supplier file and decide spreadsheet parser vs PDF draft extractor.,BU,526,Johnnie Walker (70); Hennessy (41); Jacob's Creek (28); Absolut (22); Jack Daniel's (19),LTQ0015BU; LTQ0007BU; LTQ0006BU; LWH0028BU; LWH0030BU; LWH0031BU,after_normalized_csv,,Requires extracted normalized supplier rows.
CB,"Boozia Distribution Co., Ltd.","Boozia Distribution Co., Ltd.",no_rsp_price,2. NO RSP PRICE,Boozia (Update),https://drive.google.com/drive/folders/1JplHIz1pDTHUJoNF_BfU7xDvN_gHAFnd,,,,,needs_profile,Drive folder is mapped but no file parser profile has been learned yet.,"Inspect latest month folder, fetch representative file text, identify headers, then add profile row.",CB,173,Luigi Bosca (11); Bodegas Volver (9); Domaine Jaume (9); Apollonio (9); Fratelli Ponte (9),WSP1174CB; WRW3177CB; LGN0053CB; WRW4353CB; WRW4354CB; WRW4355CB,after_normalized_csv,,Requires extracted normalized supplier rows.
CH,Siam Winery,Siam Winery,rsp_price,1.RSP PRICE,Siam Winery (Update),https://drive.google.com/drive/folders/1VoaBu04pnlRcr1l-O6MRQjeVaicvWVQz,,,,,needs_profile,Drive folder is mapped but no file parser profile has been learned yet.,"Inspect latest month folder, fetch representative file text, identify headers, then add profile row.",CH,97,Monsoon Valley (12); Mcguigan (11); Yellow Tail (10); Vina Maipo (6); Mar Y Sol (5),WWW1665CH; WRW3117CH; WWW1666CH; WRS0096CH; WRW3118CH; WWW1667CH,after_normalized_csv,,Requires extracted normalized supplier rows.
CN,Alchemy Thailand,Alchemy Thailand,rsp_price,1.RSP PRICE,Alchemy (Update),https://drive.google.com/drive/folders/1fRGM7zt27No5H_ugwE5Um_lvKPpnIMSv,,,,,needs_profile,Drive folder is mapped but no file parser profile has been learned yet.,"Inspect latest month folder, fetch representative file text, identify headers, then add profile row.",CN,298,The Macallan (22); Bols (20); Remy Martin (14); Bruichladdich (12); Wild Turkey (11),LRM0002CN; LRM0003CN; LBD0009CN; LBD0008CN; LBD0007CN; LBD0006CN,after_normalized_csv,,Requires extracted normalized supplier rows.
CP,Somphop Liquor,Somphop Liquor,retail_cash_store,3.Retail Supplier (Cash on store),Somphop (Update),https://drive.google.com/drive/folders/1IzXabQt-KXgAO8rJBV8bGvima3WjkA0Y,,,,,needs_profile,Drive folder is mapped but no file parser profile has been learned yet.,"Inspect latest month folder, fetch representative file text, identify headers, then add profile row.",CP,59,Dead Man's Finger (13); Whitley Neill (10); J.J.Whitley (5); Liverpool (5); West Cork (4),WSP1213CP; WSP1225CP; WSP1226CP; LGN0090CP; LGN0091CP; LGN0092CP,after_normalized_csv,,Requires extracted normalized supplier rows.
CQ,"Jiggers Co.,Ltd.","Jiggers Co.,Ltd.",no_rsp_price,2. NO RSP PRICE,Jigger,https://drive.google.com/drive/folders/1mWaGWrzhpaTLazdBJBiB13O6g5Wus20e,,,,,needs_profile,Drive folder is mapped but no file parser profile has been learned yet.,"Inspect latest month folder, fetch representative file text, identify headers, then add profile row.",CQ,141,Jiggers (141),ABA0135CQ; ABA0136CQ; ABA0137CQ; ABA0138CQ; ABA0139CQ; ABA0141CQ,after_normalized_csv,,Requires extracted normalized supplier rows.
DB,Bacchus Global,Bacchus Global,no_rsp_price,2. NO RSP PRICE,Bacchus Global (Update),https://drive.google.com/drive/folders/1lcLbXnkvH4jObUswnvxnfiFGWjq5_re8,,,,,needs_profile,Drive folder is mapped but no file parser profile has been learned yet.,"Inspect latest month folder, fetch representative file text, identify headers, then add profile row.",DB,180,BORN (17); Shichiken (13); Kagoshima Brewery (10); Kokubu Brewery (9); Umeshu (9),LWH0243DB; LWH0244DB; LWH0245DB; LWH0246DB; LWH0247DB; LWH0248DB,after_normalized_csv,,Requires extracted normalized supplier rows.
DD,Noble Marketing,Noble Marketing,rsp_price,1.RSP PRICE,Noble Marketing,https://drive.google.com/drive/folders/1-UNmG3vstrxkPdRMAwwdnQMBZDJ0Nf2Z,,,,,needs_profile,Drive folder is mapped but no file parser profile has been learned yet.,"Inspect latest month folder, fetch representative file text, identify headers, then add profile row.",DD,247,Angove (35); Viu Manent (22); Los Cerros De San Juan (18); Aromo (16); Antigal (12),WRW1359DD; WRW3265DD; WRW3284DD; WRW3301DD; WRW3302DD; WRW3304DD,after_normalized_csv,,Requires extracted normalized supplier rows.
DD(2),Noble Marketing,Noble Marketing (Consignment),rsp_price,1.RSP PRICE,Noble Marketing,https://drive.google.com/drive/folders/1-UNmG3vstrxkPdRMAwwdnQMBZDJ0Nf2Z,,,,,needs_profile,Drive folder is mapped but no file parser profile has been learned yet.,"Inspect latest month folder, fetch representative file text, identify headers, then add profile row.",DD,247,Angove (35); Viu Manent (22); Los Cerros De San Juan (18); Aromo (16); Antigal (12),WRW1359DD; WRW3265DD; WRW3284DD; WRW3301DD; WRW3302DD; WRW3304DD,after_normalized_csv,,Requires extracted normalized supplier rows.
DG,Premium Thai Brand Co.Ltd,Premium Thai Brand Co.Ltd,rsp_price,1.RSP PRICE,Bootlegger (Premium Thai Brand) (Update),https://drive.google.com/drive/folders/1cUk7TLqafMc4OxVCni-1OMOKO1LVbPHO,,,,,needs_profile,Drive folder is mapped but no file parser profile has been learned yet.,"Inspect latest month folder, fetch representative file text, identify headers, then add profile row.",DG,177,Nikka (17); Plantation (15); Kavalan (13); St. George (10); Chalong Bay (7),LRM0037DG; LLQ0243DG; LLQ0244DG; LLQ0245DG; LRM0083DG; LRM0085DG,after_normalized_csv,,Requires extracted normalized supplier rows.
DH,Estella Company Limited,Estella Company Limited,no_rsp_price,2. NO RSP PRICE,Estella Wine,https://drive.google.com/drive/folders/1uen8PmYnblV3pDTFSqK9ifi3Li9MKvqu,,,,,needs_profile,Drive folder is mapped but no file parser profile has been learned yet.,"Inspect latest month folder, fetch representative file text, identify headers, then add profile row.",DH,225,Domaine Albert Mann (8); Domaine Huet (7); Marchesi Di Gresy (6); Radikon (6); 2Naturkinder (6),WRW3482DH; WWW1843DH; WRW3481DH; WWW1842DH; WSP1266DH; WSP1267DH,after_normalized_csv,,Requires extracted normalized supplier rows.
DJ,"Wine 5 Co.,Ltd.","Wine 5 Co.,Ltd.",no_rsp_price,2. NO RSP PRICE,Wine 5 (Update),https://drive.google.com/drive/folders/17AjBk_s9xNmsm65kY74iF8lVO96iB1n2,,,,,needs_profile,Drive folder is mapped but no file parser profile has been learned yet.,"Inspect latest month folder, fetch representative file text, identify headers, then add profile row.",DJ,398,Domaine Georges Noellat (21); Domaine Jean Fery & Fils (19); Philipponnat Royal (17); Domaine Pierre Girardin (16); Albert Bichot (14),WRW3753DJ; WRW3754DJ; WRW3755DJ; WRW3756DJ; WRW3769DJ; WRW3771DJ,after_normalized_csv,,Requires extracted normalized supplier rows.
DJ(2),"Wine 5 Co.,Ltd.","Wine 5 Co.,Ltd. (Consignment)",no_rsp_price,2. NO RSP PRICE,Wine 5 (Update),https://drive.google.com/drive/folders/17AjBk_s9xNmsm65kY74iF8lVO96iB1n2,,,,,needs_profile,Drive folder is mapped but no file parser profile has been learned yet.,"Inspect latest month folder, fetch representative file text, identify headers, then add profile row.",DJ,398,Domaine Georges Noellat (21); Domaine Jean Fery & Fils (19); Philipponnat Royal (17); Domaine Pierre Girardin (16); Albert Bichot (14),WRW3753DJ; WRW3754DJ; WRW3755DJ; WRW3756DJ; WRW3769DJ; WRW3771DJ,after_normalized_csv,,Requires extracted normalized supplier rows.
DR,IWS - Bacardi,IWS - Bacardi (Thailand),rsp_price,1.RSP PRICE,Bacardi,https://drive.google.com/drive/folders/1LUS232nfIitUpgQaeFuBKkNPbvZ_mA6-,,,,,needs_profile,Drive folder is mapped but no file parser profile has been learned yet.,"Inspect latest month folder, fetch representative file text, identify headers, then add profile row.",DR,58,Dewar's (9); Bacardi (7); Martini (7); Patron (7); Grey Goose (7),LWH0326DR; LWH0044DR; LWH0327DR; LLQ0079DR; LRM0116DR; LLQ0318DR,after_normalized_csv,,Requires extracted normalized supplier rows.
DW,T/A Beverage,T/A Beverage,no_rsp_price,2. NO RSP PRICE,TA Beverage (Update),https://drive.google.com/drive/folders/1ck8ikuAZ0gJZy5d_X2t95-XtUarvwcTy,,,,,needs_profile,Drive folder is mapped but no file parser profile has been learned yet.,"Inspect latest month folder, fetch representative file text, identify headers, then add profile row.",DW,85,Castelli del Grevepesa (11); Bodega Volcanes de Chile (10); Gapsted (9); Phelps Creek (5); Kessler-Zink (4),WRW0097DW; WRW3129DW; WRW3937DW; WRW3938DW; WRW3939DW; WRW3941DW,after_normalized_csv,,Requires extracted normalized supplier rows.
EF,Primal Product,Primal Product,no_rsp_price,2. NO RSP PRICE,Primal Product (Update),https://drive.google.com/drive/folders/1ZiUqqK9s-RuIVbrwMzlph-qEPszDMFpj,,,,,needs_profile,Drive folder is mapped but no file parser profile has been learned yet.,"Inspect latest month folder, fetch representative file text, identify headers, then add profile row.",EF,11,Champagne Lallier (2); Domaine Attilon (2); Chateau Couhins (1); Chateau Latour Martillac (1); Chateau La Fleur (1),WSP1565EF; WSP1566EF; WRS0145EF; WRW4564EF; WRW4571EF; WRW4572EF,after_normalized_csv,,Requires extracted normalized supplier rows.
EG,Wine Direct,Wine Direct (Thailand),no_rsp_price,2. NO RSP PRICE,Wine Direct (Update),https://drive.google.com/drive/folders/1VW8RetcPJBbekfDmOmOsBZAqzrboykAl,,,,,needs_profile,Drive folder is mapped but no file parser profile has been learned yet.,"Inspect latest month folder, fetch representative file text, identify headers, then add profile row.",EG,47,Piper-Heidsieck (17); Charles heidsieck (7); Riondo (4); Allart & Fils (3); Louis Roederer (2),WSP0062EG; WSP1077EG; WSP1082EG; WSP1242EG; WSP1485EG; WSP1297EG,after_normalized_csv,,Requires extracted normalized supplier rows.
EI,Pinnacle Gastro,Pinnacle Gastro,rsp_price,1.RSP PRICE,Pinnacle gastro (Update),https://drive.google.com/drive/folders/1LXcIsFohH0o1VzMH_iPsw1OH-2eK9ys3,,,,,needs_profile,Drive folder is mapped but no file parser profile has been learned yet.,"Inspect latest month folder, fetch representative file text, identify headers, then add profile row.",EI,12,Sober Spirits (5); French Bloom (4); Chavin (2); Winesave (1),ABA0350EI; WSP5749EI; WSP5750EI; WSP5751EI; WSP5752EI; WWW5443EI,after_normalized_csv,,Requires extracted normalized supplier rows.
ER,Magic Potion Ltd.,Magic Potion Ltd.,rsp_price,1.RSP PRICE,Magic Postion (Update),https://drive.google.com/drive/folders/1iB7-riCua_15DHWrTJxrIyk744oAVSQX,,,,,needs_profile,Drive folder is mapped but no file parser profile has been learned yet.,"Inspect latest month folder, fetch representative file text, identify headers, then add profile row.",ER,130,Rock Rose (16); Buss 509 (11); Wolfburn (10); Pierde Almas (8); Casa Maestri (6),LGN0119ER; LGN0120ER; LGN0121ER; LGN0122ER; LGN0123ER; LGN0124ER,after_normalized_csv,,Requires extracted normalized supplier rows.
ER2,Vinelentine,Vinelentine,no_rsp_price,2. NO RSP PRICE,Valentien Wine (Update),https://drive.google.com/drive/folders/1gUeQdDx5PQfHwGsa5nJwSmNCq_7aj5gB,,,,,needs_profile,Drive folder is mapped but no file parser profile has been learned yet.,"Inspect latest month folder, fetch representative file text, identify headers, then add profile row.",ER,130,Rock Rose (16); Buss 509 (11); Wolfburn (10); Pierde Almas (8); Casa Maestri (6),LGN0119ER; LGN0120ER; LGN0121ER; LGN0122ER; LGN0123ER; LGN0124ER,after_normalized_csv,,Requires extracted normalized supplier rows.
ES,Thai Beverage,Thai Beverage,rsp_price,1.RSP PRICE,Thaibev,https://drive.google.com/drive/folders/1Uvj_EhRdnFDqSJP3SqLXnAI17oHoXey-,,,,,needs_profile,Drive folder is mapped but no file parser profile has been learned yet.,"Inspect latest month folder, fetch representative file text, identify headers, then add profile row.",ES,32,Old Pulteney (7); Balblair (5); Phraya (4); Prakaan (4); AnCnoc (3),LWH0470ES; LWH0471ES; LWH0472ES; LWH0473ES; LWH0474ES; LWH0475ES,after_normalized_csv,,Requires extracted normalized supplier rows.
FC,Valentine Wines,Valentine Wines,no_rsp_price,2. NO RSP PRICE,Valentien Wine (Update),https://drive.google.com/drive/folders/1gUeQdDx5PQfHwGsa5nJwSmNCq_7aj5gB,,,,,needs_profile,Drive folder is mapped but no file parser profile has been learned yet.,"Inspect latest month folder, fetch representative file text, identify headers, then add profile row.",FC,186,Louis Latour (33); Two Hands (13); Fantinel (10); J. Bouchon (10); M. Chapoutier (8),WRW0468FC; WSP0077FC; WWW0236FC; WWW0238FC; WWW0237FC; WWW0369FC,after_normalized_csv,,Requires extracted normalized supplier rows.
FJ(2),Italthai,Italthai (Consignment),rsp_price,1.RSP PRICE,Italthai (Update),https://drive.google.com/drive/folders/14bFLOa82dqgfwmld9GhHQ-PKkAXK_-Td,,,,,needs_profile,Drive folder is mapped but no file parser profile has been learned yet.,"Inspect latest month folder, fetch representative file text, identify headers, then add profile row.",FJ,169,Georges Duboeuf (14); Albert Bichot (12); Yering (9); Xanadu (5); Messenez Family (5),WWW0282FJ; WRW0591FJ; WWW0285FJ; WWW1947FJ; WRW3917FJ; WRW3919FJ,after_normalized_csv,,Requires extracted normalized supplier rows.
FN,Enoteca,Enoteca,no_rsp_price,2. NO RSP PRICE,Enoteca,https://drive.google.com/drive/folders/1G65O0pB9fD8MsZ8ktoe_3gDRg5agihGj,,,,,needs_profile,Drive folder is mapped but no file parser profile has been learned yet.,"Inspect latest month folder, fetch representative file text, identify headers, then add profile row.",FN,37,Bodega Norton (4); Bellavista (3); Elderton (3); Mount Mary (3); Ottosoldi (2),WSP1142FN; WSP1160FN; WRW3366FN; WWW1788FN; WSP1147FN; WSP1260FN,after_normalized_csv,,Requires extracted normalized supplier rows.
FO,Wine Merchant,Wine Merchant,no_rsp_price,2. NO RSP PRICE,Wine merchant (Update),https://drive.google.com/drive/folders/1x-3rYKb09c8Qctnstn3S7Uu9ZFzHS5H4,,,,,needs_profile,Drive folder is mapped but no file parser profile has been learned yet.,"Inspect latest month folder, fetch representative file text, identify headers, then add profile row.",FO,64,Billecart-Salmon (11); Chateau Margaux (7); Flowers (6); Cotswolds (6); Haymans (3),WSP0003FO; WSP0005FO; WSP0097FO; WSP0096FO; WSP0100FO; WRW4093FO,after_normalized_csv,,Requires extracted normalized supplier rows.
FR,WINE PRO,WINE PRO,rsp_price,1.RSP PRICE,Wine Pro (Update),https://drive.google.com/drive/folders/1LCQLj1uzWLcW8Z4v_POGrxOaVsXESTlt,,,,,needs_profile,Drive folder is mapped but no file parser profile has been learned yet.,"Inspect latest month folder, fetch representative file text, identify headers, then add profile row.",FR,54,Torresella (4); Veramonte (4); Familia Correa Lisoni (4); Torrebruna (4); Birchgrove (2),WWW5171FR; WSP2626FR; LGN0111FR; WSP2538FR; WRS0206FR; WSP2627FR,after_normalized_csv,,Requires extracted normalized supplier rows.
FR(2),WINE PRO,WINE PRO (Consignment),rsp_price,1.RSP PRICE,Wine Pro (Update),https://drive.google.com/drive/folders/1LCQLj1uzWLcW8Z4v_POGrxOaVsXESTlt,,,,,needs_profile,Drive folder is mapped but no file parser profile has been learned yet.,"Inspect latest month folder, fetch representative file text, identify headers, then add profile row.",FR,54,Torresella (4); Veramonte (4); Familia Correa Lisoni (4); Torrebruna (4); Birchgrove (2),WWW5171FR; WSP2626FR; LGN0111FR; WSP2538FR; WRS0206FR; WSP2627FR,after_normalized_csv,,Requires extracted normalized supplier rows.
FT,LUXE WINE,LUXE WINE,no_rsp_price,2. NO RSP PRICE,LUXE Wine (Update),https://drive.google.com/drive/folders/1Zl7-7iQ3OjV20ZrpUFz-vmlWLrJuorzz,,,,,needs_profile,Drive folder is mapped but no file parser profile has been learned yet.,"Inspect latest month folder, fetch representative file text, identify headers, then add profile row.",FT,38,Chateau Faugeres (2); Chateau Brane Cantenac (1); Chateaux Cantemerle (1); Chateau Haut Bergey (1); Chateau Cantemerle (1),WRW0087FT; WRW0559FT; WRW2446FT; WRW4734FT; WRW4971FT; WRW5007FT,after_normalized_csv,,Requires extracted normalized supplier rows.
FU,Wine Diva,Wine Diva (Consignment),no_rsp_price,2. NO RSP PRICE,Wine Diva (Update),https://drive.google.com/drive/folders/18qffz3N6GAb1CFil-1y6vVYB1w12w1VN,,,,,needs_profile,Drive folder is mapped but no file parser profile has been learned yet.,"Inspect latest month folder, fetch representative file text, identify headers, then add profile row.",FU,34,Bertani (6); Naudin Père & Fils (4); Huguenot Tassin Champagne (3); Tenuta Amadio (2); San Leonino (2),WSP2650FU; WSP2651FU; WSP2652FU; WSP2653FU; WSP2654FU; WRW5806FU,after_normalized_csv,,Requires extracted normalized supplier rows.
FX,Granmonte,Granmonte,rsp_price,1.RSP PRICE,Granmonte (Update),https://drive.google.com/drive/folders/135-vMXChl9n6O_Ifopo3c2JzYxnaOzaT,,,,,needs_profile,Drive folder is mapped but no file parser profile has been learned yet.,"Inspect latest month folder, fetch representative file text, identify headers, then add profile row.",FX,17,Granmonte (17),WRW5854FX; WRW5855FX; WRW5856FX; WRW5857FX; WRW5858FX; WRW5859FX,after_normalized_csv,,Requires extracted normalized supplier rows.
FX(2),Granmonte,Granmonte (Consignment),rsp_price,1.RSP PRICE,Granmonte (Update),https://drive.google.com/drive/folders/135-vMXChl9n6O_Ifopo3c2JzYxnaOzaT,,,,,needs_profile,Drive folder is mapped but no file parser profile has been learned yet.,"Inspect latest month folder, fetch representative file text, identify headers, then add profile row.",FX,17,Granmonte (17),WRW5854FX; WRW5855FX; WRW5856FX; WRW5857FX; WRW5858FX; WRW5859FX,after_normalized_csv,,Requires extracted normalized supplier rows.
GC,Finesip,Finesip,rsp_price,1.RSP PRICE,Finesip & Mr.cru (Update),https://drive.google.com/drive/folders/1k7tUN49uZXQzgBG6zx4QBHj7so0NMLoU,,,,,needs_profile,Drive folder is mapped but no file parser profile has been learned yet.,"Inspect latest month folder, fetch representative file text, identify headers, then add profile row.",GC,27,Rochester (7); Tedeschi (4); Chateau Meyre (3); Astrolabe (2); Maxville (2),WRW1669GC; WRW1829GC; WWW2030GC; WRW3957GC; WRW4565GC; WRW4567GC,after_normalized_csv,,Requires extracted normalized supplier rows.
GN,MR.CRU,MR.CRU,rsp_price,1.RSP PRICE,Finesip & Mr.cru (Update),https://drive.google.com/drive/folders/1k7tUN49uZXQzgBG6zx4QBHj7so0NMLoU,,,,,needs_profile,Drive folder is mapped but no file parser profile has been learned yet.,"Inspect latest month folder, fetch representative file text, identify headers, then add profile row.",GN,4,Natura (2); Gentile (1); Fontana di Papa (1),WRW6252GN; WRW6253GN; WRW6254GN; WRW6255GN,after_normalized_csv,,Requires extracted normalized supplier rows.
GU,"One Bev .Co.,Ltd","One Bev .Co.,Ltd (Consignment)",rsp_price,1.RSP PRICE,"One Bev .Co.,Ltd",https://drive.google.com/drive/folders/1OAfmH4tX7ntfmZ6coXmwX5JWQhMaekdZ,,,,,needs_profile,Drive folder is mapped but no file parser profile has been learned yet.,"Inspect latest month folder, fetch representative file text, identify headers, then add profile row.",GU,21,Casal Bordino (2); Domaine Boyer de Bar (2); Domaine Pierre-André Dumas (2); Franzini (2); Cantine Petrosino (1),WRW6525GU; WRW6526GU; WRW6527GU; WRW6528GU; WRW6529GU; WRW6530GU,after_normalized_csv,,Requires extracted normalized supplier rows.
GW,Ideal Wine,Ideal Wine,rsp_price,1.RSP PRICE,Ideal Wine,https://drive.google.com/drive/folders/1WmAvF3v475IOiTTVbvX-QD4ou0DuvVVU,,,,,needs_profile,Drive folder is mapped but no file parser profile has been learned yet.,"Inspect latest month folder, fetch representative file text, identify headers, then add profile row.",GW,294,Reguta (20); Masseria Tagaro (19); Arione (16); Nativ (13); Terre Di Rai (12),LGN0350GW; LLQ0494GW; LLQ0495GW; LLQ0496GW; LLQ0497GW; LLQ0498GW,after_normalized_csv,,Requires extracted normalized supplier rows.
GW(2),Ideal Wine,Ideal Wine (Consignment),rsp_price,1.RSP PRICE,Ideal Wine,https://drive.google.com/drive/folders/1WmAvF3v475IOiTTVbvX-QD4ou0DuvVVU,,,,,needs_profile,Drive folder is mapped but no file parser profile has been learned yet.,"Inspect latest month folder, fetch representative file text, identify headers, then add profile row.",GW,294,Reguta (20); Masseria Tagaro (19); Arione (16); Nativ (13); Terre Di Rai (12),LGN0350GW; LLQ0494GW; LLQ0495GW; LLQ0496GW; LLQ0497GW; LLQ0498GW,after_normalized_csv,,Requires extracted normalized supplier rows.
GX,"Double A Distribution Co., Ltd.","Double A Distribution Co., Ltd. (D.A.D.)",rsp_price,1.RSP PRICE,DAD (Update),https://drive.google.com/drive/folders/1NfRxV0JNGKADFWZATsNIusMQ6IOiH4pA,,,,,needs_profile,Drive folder is mapped but no file parser profile has been learned yet.,"Inspect latest month folder, fetch representative file text, identify headers, then add profile row.",GX,55,Corryton Burge (8); Finca Fella (6); Riporta (5); Tornatore (5); Little Beauty (4),WWW1785GX; WRW3362GX; WWW2174GX; WRW4209GX; WWW6020GX; WRW4211GX,after_normalized_csv,,Requires extracted normalized supplier rows.
HD,The Sake Merchant,The Sake Merchant,rsp_price,1.RSP PRICE,Sake merchant,https://drive.google.com/drive/folders/1_jyQFx2sUA_nx6rBqsxV65zGRR9dh6fo,,,,,needs_profile,Drive folder is mapped but no file parser profile has been learned yet.,"Inspect latest month folder, fetch representative file text, identify headers, then add profile row.",HD,45,Tsuchida (6); Houou Biden (5); Heavensake (5); Nondo (5); Sharaku (5),LSK0628HD; LSK0629HD; LSK0630HD; LSK0637HD; LSK0641HD; LSK0642HD,after_normalized_csv,,Requires extracted normalized supplier rows.
HI,Orion Fine Wines,Orion Fine Wines (-10%),no_rsp_price,2. NO RSP PRICE,Orion Fine Wine (Update),https://drive.google.com/drive/folders/10nL7Fml-Ucass5QdJxUrvnvRhUlxnUAe,,,,,needs_profile,Drive folder is mapped but no file parser profile has been learned yet.,"Inspect latest month folder, fetch representative file text, identify headers, then add profile row.",HI,71,Antinori (35); Elena Walch (9); Prunotto (5); Jermann (5); Umberto Cavicchioli & Figli (4),WWW0009HI; WRW0418HI; WRW0411HI; WRW0422HI; WRW0410HI; WRW0407HI,after_normalized_csv,,Requires extracted normalized supplier rows.
HK,exquisiteelixir,exquisiteelixir,rsp_price,1.RSP PRICE,NEW! Exquisite elixir,https://drive.google.com/drive/folders/1XhaO2gm-6iFjlgiWrajw8cY-nUJ_SyD2,,,,,needs_profile,Drive folder is mapped but no file parser profile has been learned yet.,"Inspect latest month folder, fetch representative file text, identify headers, then add profile row.",HK,15,Baron De Sigognac (7); Monnet (2); Michel Forgeron (2); Dartigalongue (1); Drouet Cognac (1),LBD0241HK; LBD0242HK; LBD0243HK; LBD0249HK; LBD0250HK; LBD0251HK,after_normalized_csv,,Requires extracted normalized supplier rows.
HK(2),exquisiteelixir,exquisiteelixir (Consignment),rsp_price,1.RSP PRICE,NEW! Exquisite elixir,https://drive.google.com/drive/folders/1XhaO2gm-6iFjlgiWrajw8cY-nUJ_SyD2,,,,,needs_profile,Drive folder is mapped but no file parser profile has been learned yet.,"Inspect latest month folder, fetch representative file text, identify headers, then add profile row.",HK,15,Baron De Sigognac (7); Monnet (2); Michel Forgeron (2); Dartigalongue (1); Drouet Cognac (1),LBD0241HK; LBD0242HK; LBD0243HK; LBD0249HK; LBD0250HK; LBD0251HK,after_normalized_csv,,Requires extracted normalized supplier rows.
HM,JDSS,JDSS,no_rsp_price,2. NO RSP PRICE,JDSS (ไวน์ลด20% วิสกี้ลด10%) Update,https://drive.google.com/drive/folders/1ByESydr6Ss6_Hh7JUJJhBBnA9jvRxmPX,,,,,needs_profile,Drive folder is mapped but no file parser profile has been learned yet.,"Inspect latest month folder, fetch representative file text, identify headers, then add profile row.",HM,40,The GlenAllachie (8); Domaine de la Charbonniere (7); Masahiro (6); Francois Voyer (5); Ardnamurchan (3),LGN0167HM; LBD0244HM; LGN0168HM; LGN0169HM; LBD0245HM; LBD0246HM,after_normalized_csv,,Requires extracted normalized supplier rows.
HP,JDSS,JDSS,no_rsp_price,2. NO RSP PRICE,JDSS (ไวน์ลด20% วิสกี้ลด10%) Update,https://drive.google.com/drive/folders/1ByESydr6Ss6_Hh7JUJJhBBnA9jvRxmPX,,,,,needs_profile,Drive folder is mapped but no file parser profile has been learned yet.,"Inspect latest month folder, fetch representative file text, identify headers, then add profile row.",HP,0,,,after_normalized_csv,,Requires extracted normalized supplier rows.
AA,Italasia Head Office,Italasia Head Office (-30%),rsp_price,1.RSP PRICE,Italasia (Update),https://drive.google.com/drive/folders/1e6nMYIH0DDeKdKq_8UFyoTi2j_s_rX3Q,profiled,xlsx,Wine Price List 20.04.26 update.xlsx,high,normalizable,File shape is learned and suitable for automated normalized CSV generation.,Spreadsheet parser with repeated-header detection. Carry section/producer and region context from heading rows. For Monin/water sections use alternate Code/Item/Size/Price profile.,AA,917,Monin (85); Baron Philippe de Rothschild (45); Glenfiddich (22); Stolichnaya (22); Joseph Cartron (22),WDW0001AA; WRS0002AA; WRW0001AA; WRW0003AA; WRW0007AA; WRW0009AA,yes,,Run matcher after parser output is generated.
AB,BB&B,BB&B (Wine) (-15%),no_rsp_price,2. NO RSP PRICE,BB&B,https://drive.google.com/drive/folders/1aVFftSTY1K2TvzfKfiwFvjc9uVjXLFiD,profiled,xlsx,Coravin BB&B 11.05.27.xlsx,high,normalizable,File shape is learned and suitable for automated normalized CSV generation.,Simple spreadsheet parser. Calculate supplier cost as Normal Price * (1 - Discount). Website price should use formula because this bucket is NO RSP.,AB,1211,Riedel (167); Coravin (48); Marie Brizard (34); Masumi (31); Domaines Barons de Rothschild (27),WRW0048AB; WWW0007AB; WWW0355AB; WRW0722AB; WWW0354AB; WRW0685AB,yes,,Run matcher after parser output is generated.
EQ,United Beverage,United Beverage,rsp_price,1.RSP PRICE,United Beverage (Update),https://drive.google.com/drive/folders/143vg7UJaM4tQ7zz07IV7QbmKvfGOPbE-,profiled,xlsx,4. Quotation May 2026.xlsx,high,normalizable,File shape is learned and suitable for automated normalized CSV generation.,Spreadsheet parser with fixed Thai header aliases. Use product text as match key; no supplier item code visible in sample.,EQ,91,Douglas Laing (12); Camus (7); Tomintoul (7); Lambay (5); Saint James (4),LWH0102EQ; LWH0103EQ; LBD0017EQ; LWH0203EQ; LWH0254EQ; LWH0255EQ,yes,,Run matcher after parser output is generated.
GE,Great Wine Company Limited,Great Wine (Thailand) Company Limited,rsp_price,1.RSP PRICE,Great wine (Update),https://drive.google.com/drive/folders/19Ui31gHAOefyBUUSXZd8h24HJ94vgkoX,profiled,xlsx,List Catalog Greatwine Thailand 3.2026.xlsx,high,normalizable,File shape is learned and suitable for automated normalized CSV generation.,"Spreadsheet parser with header aliases. Carry Type, grapes/ingredient, region, country, vintage. Promotion can be stored as notes or future promotion price field.",GE,56,The Blind Pig (3); From The Valley (3); Morris (3); Woodworker's Mark (2); 2:am (2),WRW5924GE; WRW5925GE; WRW5926GE; WRW5927GE; WRW5928GE; WRW5929GE,yes,,Run matcher after parser output is generated.
AF,Vanichwattana,Vanichwattana,no_rsp_price,2. NO RSP PRICE,Vanichwathana (Update),https://drive.google.com/drive/folders/1TDJL4bBG_VUEzZjDjSxaVULheI-CXCtu,profiled,xlsx,WineNow_Fu_Website_January  2026_Final.xlsx,medium,normalizable_with_review,File shape is learned but needs validation rules before full automation.,Spreadsheet repeated-header parser with price-expression parsing. Carry brand/producer/country section rows. Convert discounts like 1200-20% into raw price and discount fields; route NET/special/out-of-stock rows to review.,AF,453,Joseph Drouhin (46); Santa Carolina (23); Robertson Winery (12); Delas (12); Tyrrell's (11),WRW0080AF; WRW0081AF; WRW0082AF; WRW0083AF; WSP0014AF; WSP0015AF,after_normalized_csv,,Requires extracted normalized supplier rows.
AA2,Italasia,Italasia (Spirits) (-15%),rsp_price,1.RSP PRICE,Italasia (Update),https://drive.google.com/drive/folders/1e6nMYIH0DDeKdKq_8UFyoTi2j_s_rX3Q,profiled_by_shared_folder,xlsx,Wine Price List 20.04.26 update.xlsx,medium,normalizable_with_rules,Supplier code shares one Drive folder/parser with related supplier variants.,Use Italasia parser but restrict by section/category when configuring AA2.,AA,917,Monin (85); Baron Philippe de Rothschild (45); Glenfiddich (22); Stolichnaya (22); Joseph Cartron (22),WDW0001AA; WRS0002AA; WRW0001AA; WRW0003AA; WRW0007AA; WRW0009AA,after_normalized_csv,,Requires extracted normalized supplier rows.
AA4,Italasia,Italasia (Premium Wine) (-15%),rsp_price,1.RSP PRICE,Italasia (Update),https://drive.google.com/drive/folders/1e6nMYIH0DDeKdKq_8UFyoTi2j_s_rX3Q,profiled_by_shared_folder,xlsx,Wine Price List 20.04.26 update.xlsx,medium,normalizable_with_rules,Supplier code shares one Drive folder/parser with related supplier variants.,Use Italasia parser but restrict by premium wine section/brand list when configured.,AA,917,Monin (85); Baron Philippe de Rothschild (45); Glenfiddich (22); Stolichnaya (22); Joseph Cartron (22),WDW0001AA; WRS0002AA; WRW0001AA; WRW0003AA; WRW0007AA; WRW0009AA,after_normalized_csv,,Requires extracted normalized supplier rows.
AB2,BB&B,BB&B (Liquor) (-10%),no_rsp_price,2. NO RSP PRICE,BB&B,https://drive.google.com/drive/folders/1aVFftSTY1K2TvzfKfiwFvjc9uVjXLFiD,profiled_by_shared_folder,xlsx,Coravin BB&B 11.05.27.xlsx,medium,normalizable_with_rules,Supplier code shares one Drive folder/parser with related supplier variants.,Use BB&B simple parser when source file has same columns; otherwise create AB2-specific profile.,AB,1211,Riedel (167); Coravin (48); Marie Brizard (34); Masumi (31); Domaines Barons de Rothschild (27),WRW0048AB; WWW0007AB; WWW0355AB; WRW0722AB; WWW0354AB; WRW0685AB,after_normalized_csv,,Requires extracted normalized supplier rows.
AB3,BB&B,BB&B (Glassware),no_rsp_price,2. NO RSP PRICE,BB&B,https://drive.google.com/drive/folders/1aVFftSTY1K2TvzfKfiwFvjc9uVjXLFiD,profiled_by_shared_folder,xlsx,Coravin BB&B 11.05.27.xlsx,high,normalizable_with_rules,Supplier code shares one Drive folder/parser with related supplier variants.,Use BB&B simple parser.,AB,1211,Riedel (167); Coravin (48); Marie Brizard (34); Masumi (31); Domaines Barons de Rothschild (27),WRW0048AB; WWW0007AB; WWW0355AB; WRW0722AB; WWW0354AB; WRW0685AB,after_normalized_csv,,Requires extracted normalized supplier rows.
