supplier_code,supplier_name,supplier_detail,pricing_structure,drive_supplier_folder_name,master_sku_count,avg_margin_pct_2026,sales_qty_2026,price_source_priority,cost_basis,cost_calculation_type,base_markup_pct,target_margin_pct,fixed_margin_thb,rounding_rule,rsp_policy,rebate_type,rebate_pct,rebate_amount_thb,volume_rebate_rule,cash_discount_pct,payment_terms,effective_from,effective_to,approval_status,approved_by_role,notes
AA,Italasia Head Office,Italasia Head Office (-30%),rsp_price,Italasia (Update),917,34.63,326,supplier_rsp_then_formula,supplier_cost_or_wholesale,define_later,,,,round_to_nearest_5_or_9_define_later,use_supplier_rsp_if_agreed,none_or_define_later,,,,,,,,draft,product_admin,"Fill trade term, formula, rebate, and special agreement before automated price approval."
AA2,Italasia,Italasia (Spirits) (-15%),rsp_price,Italasia (Update),917,34.63,326,supplier_rsp_then_formula,supplier_cost_or_wholesale,define_later,,,,round_to_nearest_5_or_9_define_later,use_supplier_rsp_if_agreed,none_or_define_later,,,,,,,,draft,product_admin,"Fill trade term, formula, rebate, and special agreement before automated price approval."
AA4,Italasia,Italasia (Premium Wine) (-15%),rsp_price,Italasia (Update),917,34.63,326,supplier_rsp_then_formula,supplier_cost_or_wholesale,define_later,,,,round_to_nearest_5_or_9_define_later,use_supplier_rsp_if_agreed,none_or_define_later,,,,,,,,draft,product_admin,"Fill trade term, formula, rebate, and special agreement before automated price approval."
AB,BB&B,BB&B (Wine) (-15%),no_rsp_price,BB&B,1211,19.05,267,formula_only,supplier_cost_or_wholesale,define_later,,,,round_to_nearest_5_or_9_define_later,ignore_rsp_or_not_provided,none_or_define_later,,,,,,,,draft,product_admin,"Fill trade term, formula, rebate, and special agreement before automated price approval."
AB2,BB&B,BB&B (Liquor) (-10%),no_rsp_price,BB&B,1211,19.05,267,formula_only,supplier_cost_or_wholesale,define_later,,,,round_to_nearest_5_or_9_define_later,ignore_rsp_or_not_provided,none_or_define_later,,,,,,,,draft,product_admin,"Fill trade term, formula, rebate, and special agreement before automated price approval."
AB3,BB&B,BB&B (Glassware),no_rsp_price,BB&B,1211,19.05,267,formula_only,supplier_cost_or_wholesale,define_later,,,,round_to_nearest_5_or_9_define_later,ignore_rsp_or_not_provided,none_or_define_later,,,,,,,,draft,product_admin,"Fill trade term, formula, rebate, and special agreement before automated price approval."
AC,Universal Fine Wine & Spirit,Universal Fine Wine & Spirit,rsp_price,Universal Wine (Update),426,18.79,227,supplier_rsp_then_formula,supplier_cost_or_wholesale,define_later,,,,round_to_nearest_5_or_9_define_later,use_supplier_rsp_if_agreed,none_or_define_later,,,,,,,,draft,product_admin,"Fill trade term, formula, rebate, and special agreement before automated price approval."
AC2,"EU Wine Co.,Ltd.","EU Wine Co.,Ltd.",rsp_price,EU Wine,426,18.79,227,supplier_rsp_then_formula,supplier_cost_or_wholesale,define_later,,,,round_to_nearest_5_or_9_define_later,use_supplier_rsp_if_agreed,none_or_define_later,,,,,,,,draft,product_admin,"Fill trade term, formula, rebate, and special agreement before automated price approval."
AD,IWS,IWS,rsp_price,IWS (Update RSP / waiting Pricelist),715,22.55,846,supplier_rsp_then_formula,supplier_cost_or_wholesale,define_later,,,,round_to_nearest_5_or_9_define_later,use_supplier_rsp_if_agreed,none_or_define_later,,,,,,,,draft,product_admin,"Fill trade term, formula, rebate, and special agreement before automated price approval."
AE,Gfour,Gfour,rsp_price,Gfour,403,23.33,214,supplier_rsp_then_formula,supplier_cost_or_wholesale,define_later,,,,round_to_nearest_5_or_9_define_later,use_supplier_rsp_if_agreed,none_or_define_later,,,,,,,,draft,product_admin,"Fill trade term, formula, rebate, and special agreement before automated price approval."
AE4,Brandconnect Thailand,Brandconnect Thailand,rsp_price,Brandconnect,403,23.33,214,supplier_rsp_then_formula,supplier_cost_or_wholesale,define_later,,,,round_to_nearest_5_or_9_define_later,use_supplier_rsp_if_agreed,none_or_define_later,,,,,,,,draft,product_admin,"Fill trade term, formula, rebate, and special agreement before automated price approval."
AF,Vanichwattana,Vanichwattana,no_rsp_price,Vanichwathana (Update),453,19.4,21,formula_only,supplier_cost_or_wholesale,define_later,,,,round_to_nearest_5_or_9_define_later,ignore_rsp_or_not_provided,none_or_define_later,,,,,,,,draft,product_admin,"Fill trade term, formula, rebate, and special agreement before automated price approval."
AH,Ambrose,Ambrose,rsp_price,Ambrose (Update),190,17.04,424,supplier_rsp_then_formula,supplier_cost_or_wholesale,define_later,,,,round_to_nearest_5_or_9_define_later,use_supplier_rsp_if_agreed,none_or_define_later,,,,,,,,draft,product_admin,"Fill trade term, formula, rebate, and special agreement before automated price approval."
AI,Global Food Products,Global Food Products,,,3,23.33,0,define_later,supplier_cost_or_wholesale,define_later,,,,round_to_nearest_5_or_9_define_later,ignore_rsp_or_not_provided,none_or_define_later,,,,,,,,draft,product_admin,"Fill trade term, formula, rebate, and special agreement before automated price approval."
AJ,Lovely Wine,Lovely Wine,no_rsp_price,Lovely Wine (Update),196,19.59,11,formula_only,supplier_cost_or_wholesale,define_later,,,,round_to_nearest_5_or_9_define_later,ignore_rsp_or_not_provided,none_or_define_later,,,,,,,,draft,product_admin,"Fill trade term, formula, rebate, and special agreement before automated price approval."
AK,Sibour,Sibour,,,85,26.59,0,define_later,supplier_cost_or_wholesale,define_later,,,,round_to_nearest_5_or_9_define_later,ignore_rsp_or_not_provided,none_or_define_later,,,,,,,,draft,product_admin,"Fill trade term, formula, rebate, and special agreement before automated price approval."
AM,D-Wine,D-Wine,,,3,25.0,0,define_later,supplier_cost_or_wholesale,define_later,,,,round_to_nearest_5_or_9_define_later,ignore_rsp_or_not_provided,none_or_define_later,,,,,,,,draft,product_admin,"Fill trade term, formula, rebate, and special agreement before automated price approval."
AN,Brewberry,Brewberry,,,13,21.23,0,define_later,supplier_cost_or_wholesale,define_later,,,,round_to_nearest_5_or_9_define_later,ignore_rsp_or_not_provided,none_or_define_later,,,,,,,,draft,product_admin,"Fill trade term, formula, rebate, and special agreement before automated price approval."
AP,Pacer Grow,Pacer Grow,,,50,21.56,1,define_later,supplier_cost_or_wholesale,define_later,,,,round_to_nearest_5_or_9_define_later,ignore_rsp_or_not_provided,none_or_define_later,,,,,,,,draft,product_admin,"Fill trade term, formula, rebate, and special agreement before automated price approval."
AR,SCS Trading,SCS Trading,no_rsp_price,SCS (E-Shochu) (Update),106,15.36,1,formula_only,supplier_cost_or_wholesale,define_later,,,,round_to_nearest_5_or_9_define_later,ignore_rsp_or_not_provided,none_or_define_later,,,,,,,,draft,product_admin,"Fill trade term, formula, rebate, and special agreement before automated price approval."
AU,Smiling Mad Dog,Smiling Mad Dog,,,74,19.31,11,define_later,supplier_cost_or_wholesale,define_later,,,,round_to_nearest_5_or_9_define_later,ignore_rsp_or_not_provided,none_or_define_later,,,,,,,,draft,product_admin,"Fill trade term, formula, rebate, and special agreement before automated price approval."
AU2,Smiling Dark House,Smiling Dark House,rsp_price,Smiling Dark House (Wine),74,19.31,11,supplier_rsp_then_formula,supplier_cost_or_wholesale,define_later,,,,round_to_nearest_5_or_9_define_later,use_supplier_rsp_if_agreed,none_or_define_later,,,,,,,,draft,product_admin,"Fill trade term, formula, rebate, and special agreement before automated price approval."
AV,Drinkwise,Drinkwise,,,54,21.22,1,define_later,supplier_cost_or_wholesale,define_later,,,,round_to_nearest_5_or_9_define_later,ignore_rsp_or_not_provided,none_or_define_later,,,,,,,,draft,product_admin,"Fill trade term, formula, rebate, and special agreement before automated price approval."
AX,"Flow Inter Co., Ltd.","Flow Inter Co., Ltd.",,,15,21.93,0,define_later,supplier_cost_or_wholesale,define_later,,,,round_to_nearest_5_or_9_define_later,ignore_rsp_or_not_provided,none_or_define_later,,,,,,,,draft,product_admin,"Fill trade term, formula, rebate, and special agreement before automated price approval."
BD,Oceanglass,Oceanglass,,,63,32.86,0,define_later,supplier_cost_or_wholesale,define_later,,,,round_to_nearest_5_or_9_define_later,ignore_rsp_or_not_provided,none_or_define_later,,,,,,,,draft,product_admin,"Fill trade term, formula, rebate, and special agreement before automated price approval."
BG,Mini bar services,Mini bar services (Thailand),,,4,21.0,0,define_later,supplier_cost_or_wholesale,define_later,,,,round_to_nearest_5_or_9_define_later,ignore_rsp_or_not_provided,none_or_define_later,,,,,,,,draft,product_admin,"Fill trade term, formula, rebate, and special agreement before automated price approval."
BH,"W.kiert & Fuji Co., Ltd.","W.kiert & Fuji Co., Ltd.",,,12,23.33,0,define_later,supplier_cost_or_wholesale,define_later,,,,round_to_nearest_5_or_9_define_later,ignore_rsp_or_not_provided,none_or_define_later,,,,,,,,draft,product_admin,"Fill trade term, formula, rebate, and special agreement before automated price approval."
BJ,Yongchien Intertrade,Yongchien Intertrade,,,3,19.0,0,define_later,supplier_cost_or_wholesale,define_later,,,,round_to_nearest_5_or_9_define_later,ignore_rsp_or_not_provided,none_or_define_later,,,,,,,,draft,product_admin,"Fill trade term, formula, rebate, and special agreement before automated price approval."
BK,APHI Enterprise,APHI Enterprise,,,1,27.0,0,define_later,supplier_cost_or_wholesale,define_later,,,,round_to_nearest_5_or_9_define_later,ignore_rsp_or_not_provided,none_or_define_later,,,,,,,,draft,product_admin,"Fill trade term, formula, rebate, and special agreement before automated price approval."
BL,Pacific B&B,Pacific B&B,,,22,23.23,0,define_later,supplier_cost_or_wholesale,define_later,,,,round_to_nearest_5_or_9_define_later,ignore_rsp_or_not_provided,none_or_define_later,,,,,,,,draft,product_admin,"Fill trade term, formula, rebate, and special agreement before automated price approval."
BM,European Manufacturers United,European Manufacturers United,,,212,26.23,0,define_later,supplier_cost_or_wholesale,define_later,,,,round_to_nearest_5_or_9_define_later,ignore_rsp_or_not_provided,none_or_define_later,,,,,,,,draft,product_admin,"Fill trade term, formula, rebate, and special agreement before automated price approval."
BN,"IQ Wine CO.,Ltd.","IQ Wine CO.,Ltd.",no_rsp_price,IQ Wine (Update),362,19.43,211,formula_only,supplier_cost_or_wholesale,define_later,,,,round_to_nearest_5_or_9_define_later,ignore_rsp_or_not_provided,none_or_define_later,,,,,,,,draft,product_admin,"Fill trade term, formula, rebate, and special agreement before automated price approval."
BQ,International Beverage,International Beverage,,,30,23.47,0,define_later,supplier_cost_or_wholesale,define_later,,,,round_to_nearest_5_or_9_define_later,ignore_rsp_or_not_provided,none_or_define_later,,,,,,,,draft,product_admin,"Fill trade term, formula, rebate, and special agreement before automated price approval."
BR,Great Earth International Company Limited,Great Earth International Company Limited,,,57,28.68,0,define_later,supplier_cost_or_wholesale,define_later,,,,round_to_nearest_5_or_9_define_later,ignore_rsp_or_not_provided,none_or_define_later,,,,,,,,draft,product_admin,"Fill trade term, formula, rebate, and special agreement before automated price approval."
BS,"Texica Co., Ltd","Texica Co., Ltd (Head Office)",no_rsp_price,Texica (Update),151,20.05,122,formula_only,supplier_cost_or_wholesale,define_later,,,,round_to_nearest_5_or_9_define_later,ignore_rsp_or_not_provided,none_or_define_later,,,,,,,,draft,product_admin,"Fill trade term, formula, rebate, and special agreement before automated price approval."
BT,"The Pacific Cigar co.,ltd","The Pacific Cigar (Thailand) co.,ltd (Cigar)",,,152,20.67,0,define_later,supplier_cost_or_wholesale,define_later,,,,round_to_nearest_5_or_9_define_later,ignore_rsp_or_not_provided,none_or_define_later,,,,,,,,draft,product_admin,"Fill trade term, formula, rebate, and special agreement before automated price approval."
BT2,"The Pacific Cigar co.,ltd","The Pacific Cigar (Thailand) co.,ltd (Whisky)",,,152,20.67,0,define_later,supplier_cost_or_wholesale,define_later,,,,round_to_nearest_5_or_9_define_later,ignore_rsp_or_not_provided,none_or_define_later,,,,,,,,draft,product_admin,"Fill trade term, formula, rebate, and special agreement before automated price approval."
BT3,"The Pacific Cigar co.,ltd","The Pacific Cigar (Thailand) co.,ltd (Sake&Shochu)",,,152,20.67,0,define_later,supplier_cost_or_wholesale,define_later,,,,round_to_nearest_5_or_9_define_later,ignore_rsp_or_not_provided,none_or_define_later,,,,,,,,draft,product_admin,"Fill trade term, formula, rebate, and special agreement before automated price approval."
BU(11),Somphop Liquor,Somphop Liquor,retail_cash_store,Somphop (Update),526,8.56,295,cash_store_cost_then_formula,cost_ex_vat_or_cash_invoice,define_later,,,,round_to_nearest_5_or_9_define_later,ignore_rsp_or_not_provided,none_or_define_later,,,,,,,,draft,product_admin,"Fill trade term, formula, rebate, and special agreement before automated price approval."
BU,Suriwongse Store,Suriwongse Store (OTHER),retail_cash_store,Surawong Store (Update),526,8.56,295,cash_store_cost_then_formula,cost_ex_vat_or_cash_invoice,define_later,,,,round_to_nearest_5_or_9_define_later,ignore_rsp_or_not_provided,none_or_define_later,,,,,,,,draft,product_admin,"Fill trade term, formula, rebate, and special agreement before automated price approval."
BU(2),Suriwongse Store,Suriwongse Store (OTHER),retail_cash_store,Surawong Store (Update),526,8.56,295,cash_store_cost_then_formula,cost_ex_vat_or_cash_invoice,define_later,,,,round_to_nearest_5_or_9_define_later,ignore_rsp_or_not_provided,none_or_define_later,,,,,,,,draft,product_admin,"Fill trade term, formula, rebate, and special agreement before automated price approval."
BU(4),Suriwongse Store,Suriwongse Store (Pernod Ricard),retail_cash_store,Surawong Store (Update),526,8.56,295,cash_store_cost_then_formula,cost_ex_vat_or_cash_invoice,define_later,,,,round_to_nearest_5_or_9_define_later,ignore_rsp_or_not_provided,none_or_define_later,,,,,,,,draft,product_admin,"Fill trade term, formula, rebate, and special agreement before automated price approval."
BU-VV,Vim&Vigor,Vim&Vigor (Consignment),,,526,8.56,295,define_later,supplier_cost_or_wholesale,define_later,,,,round_to_nearest_5_or_9_define_later,ignore_rsp_or_not_provided,none_or_define_later,,,,,,,,draft,product_admin,"Fill trade term, formula, rebate, and special agreement before automated price approval."
BU(8),ห้างหุ้นส่วน แฉล้มนิมิต,ห้างหุ้นส่วน แฉล้มนิมิต (Diageo),retail_cash_store,Chalamnimit (Update),526,8.56,295,cash_store_cost_then_formula,cost_ex_vat_or_cash_invoice,define_later,,,,round_to_nearest_5_or_9_define_later,ignore_rsp_or_not_provided,none_or_define_later,,,,,,,,draft,product_admin,"Fill trade term, formula, rebate, and special agreement before automated price approval."
BU(9),Suriwongse Store,Suriwongse Store (Brown-Forman),retail_cash_store,Surawong Store (Update),526,8.56,295,cash_store_cost_then_formula,cost_ex_vat_or_cash_invoice,define_later,,,,round_to_nearest_5_or_9_define_later,ignore_rsp_or_not_provided,none_or_define_later,,,,,,,,draft,product_admin,"Fill trade term, formula, rebate, and special agreement before automated price approval."
BX,"Beervana Co.,Ltd.","Beervana (Thailand) Co.,Ltd.",,,13,26.0,0,define_later,supplier_cost_or_wholesale,define_later,,,,round_to_nearest_5_or_9_define_later,ignore_rsp_or_not_provided,none_or_define_later,,,,,,,,draft,product_admin,"Fill trade term, formula, rebate, and special agreement before automated price approval."
CA,"The Bottles Co., Ltd.","The Bottles Co., Ltd.",,,23,26.3,0,define_later,supplier_cost_or_wholesale,define_later,,,,round_to_nearest_5_or_9_define_later,ignore_rsp_or_not_provided,none_or_define_later,,,,,,,,draft,product_admin,"Fill trade term, formula, rebate, and special agreement before automated price approval."
CB,"Boozia Distribution Co., Ltd.","Boozia Distribution Co., Ltd.",no_rsp_price,Boozia (Update),173,24.99,54,formula_only,supplier_cost_or_wholesale,define_later,,,,round_to_nearest_5_or_9_define_later,ignore_rsp_or_not_provided,none_or_define_later,,,,,,,,draft,product_admin,"Fill trade term, formula, rebate, and special agreement before automated price approval."
CC,2 Remedy Thailand Company Limited,2 Remedy Thailand Company Limited,,,2,24.0,0,define_later,supplier_cost_or_wholesale,define_later,,,,round_to_nearest_5_or_9_define_later,ignore_rsp_or_not_provided,none_or_define_later,,,,,,,,draft,product_admin,"Fill trade term, formula, rebate, and special agreement before automated price approval."
CE,"Crave Beverage Co.,Ltd.","Crave Beverage Co.,Ltd.",,,52,20.65,0,define_later,supplier_cost_or_wholesale,define_later,,,,round_to_nearest_5_or_9_define_later,ignore_rsp_or_not_provided,none_or_define_later,,,,,,,,draft,product_admin,"Fill trade term, formula, rebate, and special agreement before automated price approval."
CH,Siam Winery,Siam Winery,rsp_price,Siam Winery (Update),97,17.94,139,supplier_rsp_then_formula,supplier_cost_or_wholesale,define_later,,,,round_to_nearest_5_or_9_define_later,use_supplier_rsp_if_agreed,none_or_define_later,,,,,,,,draft,product_admin,"Fill trade term, formula, rebate, and special agreement before automated price approval."
CI,Corner Stone,Corner Stone (ทรีไลน์),,,51,24.75,3,define_later,supplier_cost_or_wholesale,define_later,,,,round_to_nearest_5_or_9_define_later,ignore_rsp_or_not_provided,none_or_define_later,,,,,,,,draft,product_admin,"Fill trade term, formula, rebate, and special agreement before automated price approval."
CN,Alchemy Thailand,Alchemy Thailand,rsp_price,Alchemy (Update),298,11.77,331,supplier_rsp_then_formula,supplier_cost_or_wholesale,define_later,,,,round_to_nearest_5_or_9_define_later,use_supplier_rsp_if_agreed,none_or_define_later,,,,,,,,draft,product_admin,"Fill trade term, formula, rebate, and special agreement before automated price approval."
CP,Somphop Liquor,Somphop Liquor,retail_cash_store,Somphop (Update),59,24.68,3,cash_store_cost_then_formula,cost_ex_vat_or_cash_invoice,define_later,,,,round_to_nearest_5_or_9_define_later,ignore_rsp_or_not_provided,none_or_define_later,,,,,,,,draft,product_admin,"Fill trade term, formula, rebate, and special agreement before automated price approval."
CQ,"Jiggers Co.,Ltd.","Jiggers Co.,Ltd.",no_rsp_price,Jigger,141,27.15,1,formula_only,supplier_cost_or_wholesale,define_later,,,,round_to_nearest_5_or_9_define_later,ignore_rsp_or_not_provided,none_or_define_later,,,,,,,,draft,product_admin,"Fill trade term, formula, rebate, and special agreement before automated price approval."
CS,Hacklberg Thailand,Hacklberg Thailand,,,9,23.0,0,define_later,supplier_cost_or_wholesale,define_later,,,,round_to_nearest_5_or_9_define_later,ignore_rsp_or_not_provided,none_or_define_later,,,,,,,,draft,product_admin,"Fill trade term, formula, rebate, and special agreement before automated price approval."
CT,Perfetto Foods,Perfetto Foods,,,8,25.88,0,define_later,supplier_cost_or_wholesale,define_later,,,,round_to_nearest_5_or_9_define_later,ignore_rsp_or_not_provided,none_or_define_later,,,,,,,,draft,product_admin,"Fill trade term, formula, rebate, and special agreement before automated price approval."
CU,"Jiamphattana Food And Beverage Co.,Ltd.","Jiamphattana Food And Beverage Co.,Ltd.",,,31,25.06,0,define_later,supplier_cost_or_wholesale,define_later,,,,round_to_nearest_5_or_9_define_later,ignore_rsp_or_not_provided,none_or_define_later,,,,,,,,draft,product_admin,"Fill trade term, formula, rebate, and special agreement before automated price approval."
CW,Fusion Providores International Facilitation,Fusion Providores International Facilitation,,,4,26.0,0,define_later,supplier_cost_or_wholesale,define_later,,,,round_to_nearest_5_or_9_define_later,ignore_rsp_or_not_provided,none_or_define_later,,,,,,,,draft,product_admin,"Fill trade term, formula, rebate, and special agreement before automated price approval."
CY,"The Matter of Taste Co., Ltd.","The Matter of Taste Co., Ltd.",,,2,21.0,0,define_later,supplier_cost_or_wholesale,define_later,,,,round_to_nearest_5_or_9_define_later,ignore_rsp_or_not_provided,none_or_define_later,,,,,,,,draft,product_admin,"Fill trade term, formula, rebate, and special agreement before automated price approval."
DA,Serenity Wines,Serenity Wines,,,9,15.56,0,define_later,supplier_cost_or_wholesale,define_later,,,,round_to_nearest_5_or_9_define_later,ignore_rsp_or_not_provided,none_or_define_later,,,,,,,,draft,product_admin,"Fill trade term, formula, rebate, and special agreement before automated price approval."
DB,Bacchus Global,Bacchus Global,no_rsp_price,Bacchus Global (Update),180,16.75,9,formula_only,supplier_cost_or_wholesale,define_later,,,,round_to_nearest_5_or_9_define_later,ignore_rsp_or_not_provided,none_or_define_later,,,,,,,,draft,product_admin,"Fill trade term, formula, rebate, and special agreement before automated price approval."
DD,Noble Marketing,Noble Marketing,rsp_price,Noble Marketing,247,18.94,273,supplier_rsp_then_formula,supplier_cost_or_wholesale,define_later,,,,round_to_nearest_5_or_9_define_later,use_supplier_rsp_if_agreed,none_or_define_later,,,,,,,,draft,product_admin,"Fill trade term, formula, rebate, and special agreement before automated price approval."
DD(2),Noble Marketing,Noble Marketing (Consignment),rsp_price,Noble Marketing,247,18.94,273,supplier_rsp_then_formula,supplier_cost_or_wholesale,define_later,,,,round_to_nearest_5_or_9_define_later,use_supplier_rsp_if_agreed,none_or_define_later,,,,,,,,draft,product_admin,"Fill trade term, formula, rebate, and special agreement before automated price approval."
DE,"Primator Co., Ltd.","Primator (Thailand) Co., Ltd.",,,10,27.0,0,define_later,supplier_cost_or_wholesale,define_later,,,,round_to_nearest_5_or_9_define_later,ignore_rsp_or_not_provided,none_or_define_later,,,,,,,,draft,product_admin,"Fill trade term, formula, rebate, and special agreement before automated price approval."
DG,Premium Thai Brand Co.Ltd,Premium Thai Brand Co.Ltd,rsp_price,Bootlegger (Premium Thai Brand) (Update),177,14.9,42,supplier_rsp_then_formula,supplier_cost_or_wholesale,define_later,,,,round_to_nearest_5_or_9_define_later,use_supplier_rsp_if_agreed,none_or_define_later,,,,,,,,draft,product_admin,"Fill trade term, formula, rebate, and special agreement before automated price approval."
DH,Estella Company Limited,Estella Company Limited,no_rsp_price,Estella Wine,225,19.64,1,formula_only,supplier_cost_or_wholesale,define_later,,,,round_to_nearest_5_or_9_define_later,ignore_rsp_or_not_provided,none_or_define_later,,,,,,,,draft,product_admin,"Fill trade term, formula, rebate, and special agreement before automated price approval."
DJ,"Wine 5 Co.,Ltd.","Wine 5 Co.,Ltd.",no_rsp_price,Wine 5 (Update),398,21.34,10,formula_only,supplier_cost_or_wholesale,define_later,,,,round_to_nearest_5_or_9_define_later,ignore_rsp_or_not_provided,none_or_define_later,,,,,,,,draft,product_admin,"Fill trade term, formula, rebate, and special agreement before automated price approval."
DJ(2),"Wine 5 Co.,Ltd.","Wine 5 Co.,Ltd. (Consignment)",no_rsp_price,Wine 5 (Update),398,21.34,10,formula_only,supplier_cost_or_wholesale,define_later,,,,round_to_nearest_5_or_9_define_later,ignore_rsp_or_not_provided,none_or_define_later,,,,,,,,draft,product_admin,"Fill trade term, formula, rebate, and special agreement before automated price approval."
DK,"Riesling & Co Co., Ltd.","Riesling & Co Co., Ltd.",,,113,20.53,0,define_later,supplier_cost_or_wholesale,define_later,,,,round_to_nearest_5_or_9_define_later,ignore_rsp_or_not_provided,none_or_define_later,,,,,,,,draft,product_admin,"Fill trade term, formula, rebate, and special agreement before automated price approval."
DN,"Fizz Boyz Co., Ltd.","Fizz Boyz Co., Ltd.",,,101,17.47,0,define_later,supplier_cost_or_wholesale,define_later,,,,round_to_nearest_5_or_9_define_later,ignore_rsp_or_not_provided,none_or_define_later,,,,,,,,draft,product_admin,"Fill trade term, formula, rebate, and special agreement before automated price approval."
DP,Silver Lake,Silver Lake,,,5,19.2,0,define_later,supplier_cost_or_wholesale,define_later,,,,round_to_nearest_5_or_9_define_later,ignore_rsp_or_not_provided,none_or_define_later,,,,,,,,draft,product_admin,"Fill trade term, formula, rebate, and special agreement before automated price approval."
DR,IWS - Bacardi,IWS - Bacardi (Thailand),rsp_price,Bacardi,58,4.48,62,supplier_rsp_then_formula,supplier_cost_or_wholesale,define_later,,,,round_to_nearest_5_or_9_define_later,use_supplier_rsp_if_agreed,none_or_define_later,,,,,,,,draft,product_admin,"Fill trade term, formula, rebate, and special agreement before automated price approval."
DT,Yummy House,Yummy House,,,22,23.0,0,define_later,supplier_cost_or_wholesale,define_later,,,,round_to_nearest_5_or_9_define_later,ignore_rsp_or_not_provided,none_or_define_later,,,,,,,,draft,product_admin,"Fill trade term, formula, rebate, and special agreement before automated price approval."
DU,San Miguel Thailand,San Miguel Thailand,,,10,23.4,0,define_later,supplier_cost_or_wholesale,define_later,,,,round_to_nearest_5_or_9_define_later,ignore_rsp_or_not_provided,none_or_define_later,,,,,,,,draft,product_admin,"Fill trade term, formula, rebate, and special agreement before automated price approval."
DW,T/A Beverage,T/A Beverage,no_rsp_price,TA Beverage (Update),85,27.94,15,formula_only,supplier_cost_or_wholesale,define_later,,,,round_to_nearest_5_or_9_define_later,ignore_rsp_or_not_provided,none_or_define_later,,,,,,,,draft,product_admin,"Fill trade term, formula, rebate, and special agreement before automated price approval."
DY,"TempTech Co., Ltd.","TempTech (Thailand) Co., Ltd.",,,29,23.21,0,define_later,supplier_cost_or_wholesale,define_later,,,,round_to_nearest_5_or_9_define_later,ignore_rsp_or_not_provided,none_or_define_later,,,,,,,,draft,product_admin,"Fill trade term, formula, rebate, and special agreement before automated price approval."
EC,GLOBO Internacional,GLOBO Internacional,,,19,24.47,0,define_later,supplier_cost_or_wholesale,define_later,,,,round_to_nearest_5_or_9_define_later,ignore_rsp_or_not_provided,none_or_define_later,,,,,,,,draft,product_admin,"Fill trade term, formula, rebate, and special agreement before automated price approval."
ED,"WINE IS WINE CO., LTD.","WINE IS WINE CO., LTD.",,,73,24.01,0,define_later,supplier_cost_or_wholesale,define_later,,,,round_to_nearest_5_or_9_define_later,ignore_rsp_or_not_provided,none_or_define_later,,,,,,,,draft,product_admin,"Fill trade term, formula, rebate, and special agreement before automated price approval."
EF,Primal Product,Primal Product,no_rsp_price,Primal Product (Update),11,19.0,0,formula_only,supplier_cost_or_wholesale,define_later,,,,round_to_nearest_5_or_9_define_later,ignore_rsp_or_not_provided,none_or_define_later,,,,,,,,draft,product_admin,"Fill trade term, formula, rebate, and special agreement before automated price approval."
EG,Wine Direct,Wine Direct (Thailand),no_rsp_price,Wine Direct (Update),47,21.28,7,formula_only,supplier_cost_or_wholesale,define_later,,,,round_to_nearest_5_or_9_define_later,ignore_rsp_or_not_provided,none_or_define_later,,,,,,,,draft,product_admin,"Fill trade term, formula, rebate, and special agreement before automated price approval."
EH,Terroir Wines,Terroir Wines,,,22,16.77,0,define_later,supplier_cost_or_wholesale,define_later,,,,round_to_nearest_5_or_9_define_later,ignore_rsp_or_not_provided,none_or_define_later,,,,,,,,draft,product_admin,"Fill trade term, formula, rebate, and special agreement before automated price approval."
EI,Pinnacle Gastro,Pinnacle Gastro,rsp_price,Pinnacle gastro (Update),12,17.58,12,supplier_rsp_then_formula,supplier_cost_or_wholesale,define_later,,,,round_to_nearest_5_or_9_define_later,use_supplier_rsp_if_agreed,none_or_define_later,,,,,,,,draft,product_admin,"Fill trade term, formula, rebate, and special agreement before automated price approval."
EJ,Dometic,Dometic,,,25,21.4,0,define_later,supplier_cost_or_wholesale,define_later,,,,round_to_nearest_5_or_9_define_later,ignore_rsp_or_not_provided,none_or_define_later,,,,,,,,draft,product_admin,"Fill trade term, formula, rebate, and special agreement before automated price approval."
EK,Cote d Azur Spirits,Cote d Azur Spirits,,,7,24.14,0,define_later,supplier_cost_or_wholesale,define_later,,,,round_to_nearest_5_or_9_define_later,ignore_rsp_or_not_provided,none_or_define_later,,,,,,,,draft,product_admin,"Fill trade term, formula, rebate, and special agreement before automated price approval."
EL,Intershinningline,Intershinningline,,,14,20.36,0,define_later,supplier_cost_or_wholesale,define_later,,,,round_to_nearest_5_or_9_define_later,ignore_rsp_or_not_provided,none_or_define_later,,,,,,,,draft,product_admin,"Fill trade term, formula, rebate, and special agreement before automated price approval."
EM,Forteway Food&Beverage,Forteway Food&Beverage,,,9,24.11,0,define_later,supplier_cost_or_wholesale,define_later,,,,round_to_nearest_5_or_9_define_later,ignore_rsp_or_not_provided,none_or_define_later,,,,,,,,draft,product_admin,"Fill trade term, formula, rebate, and special agreement before automated price approval."
EN,Verasu,Verasu,,,21,21.33,0,define_later,supplier_cost_or_wholesale,define_later,,,,round_to_nearest_5_or_9_define_later,ignore_rsp_or_not_provided,none_or_define_later,,,,,,,,draft,product_admin,"Fill trade term, formula, rebate, and special agreement before automated price approval."
EP,Repour thailand,Repour thailand,,,1,27.0,0,define_later,supplier_cost_or_wholesale,define_later,,,,round_to_nearest_5_or_9_define_later,ignore_rsp_or_not_provided,none_or_define_later,,,,,,,,draft,product_admin,"Fill trade term, formula, rebate, and special agreement before automated price approval."
EQ,United Beverage,United Beverage,rsp_price,United Beverage (Update),91,18.88,7,supplier_rsp_then_formula,supplier_cost_or_wholesale,define_later,,,,round_to_nearest_5_or_9_define_later,use_supplier_rsp_if_agreed,none_or_define_later,,,,,,,,draft,product_admin,"Fill trade term, formula, rebate, and special agreement before automated price approval."
ER,Magic Potion Ltd.,Magic Potion Ltd.,rsp_price,Magic Postion (Update),130,27.39,41,supplier_rsp_then_formula,supplier_cost_or_wholesale,define_later,,,,round_to_nearest_5_or_9_define_later,use_supplier_rsp_if_agreed,none_or_define_later,,,,,,,,draft,product_admin,"Fill trade term, formula, rebate, and special agreement before automated price approval."
ER2,Vinelentine,Vinelentine,no_rsp_price,Valentien Wine (Update),130,27.39,41,formula_only,supplier_cost_or_wholesale,define_later,,,,round_to_nearest_5_or_9_define_later,ignore_rsp_or_not_provided,none_or_define_later,,,,,,,,draft,product_admin,"Fill trade term, formula, rebate, and special agreement before automated price approval."
ES,Thai Beverage,Thai Beverage,rsp_price,Thaibev,32,17.0,4,supplier_rsp_then_formula,supplier_cost_or_wholesale,define_later,,,,round_to_nearest_5_or_9_define_later,use_supplier_rsp_if_agreed,none_or_define_later,,,,,,,,draft,product_admin,"Fill trade term, formula, rebate, and special agreement before automated price approval."
EW,Sophienwald,Sophienwald,,,5,23.8,0,define_later,supplier_cost_or_wholesale,define_later,,,,round_to_nearest_5_or_9_define_later,ignore_rsp_or_not_provided,none_or_define_later,,,,,,,,draft,product_admin,"Fill trade term, formula, rebate, and special agreement before automated price approval."
EX,"Pulmentum Co., Ltd.","Pulmentum Co., Ltd.",,,1,21.0,0,define_later,supplier_cost_or_wholesale,define_later,,,,round_to_nearest_5_or_9_define_later,ignore_rsp_or_not_provided,none_or_define_later,,,,,,,,draft,product_admin,"Fill trade term, formula, rebate, and special agreement before automated price approval."
FA,"MC GLOBIZ CO.,LTD.","MC GLOBIZ CO.,LTD.",,,5,27.4,0,define_later,supplier_cost_or_wholesale,define_later,,,,round_to_nearest_5_or_9_define_later,ignore_rsp_or_not_provided,none_or_define_later,,,,,,,,draft,product_admin,"Fill trade term, formula, rebate, and special agreement before automated price approval."
FC,Valentine Wines,Valentine Wines,no_rsp_price,Valentien Wine (Update),186,20.84,19,formula_only,supplier_cost_or_wholesale,define_later,,,,round_to_nearest_5_or_9_define_later,ignore_rsp_or_not_provided,none_or_define_later,,,,,,,,draft,product_admin,"Fill trade term, formula, rebate, and special agreement before automated price approval."
FD,Little Gourmandises,Little Gourmandises,,,8,23.12,0,define_later,supplier_cost_or_wholesale,define_later,,,,round_to_nearest_5_or_9_define_later,ignore_rsp_or_not_provided,none_or_define_later,,,,,,,,draft,product_admin,"Fill trade term, formula, rebate, and special agreement before automated price approval."
FJ(2),Italthai,Italthai (Consignment),rsp_price,Italthai (Update),169,18.67,144,supplier_rsp_then_formula,supplier_cost_or_wholesale,define_later,,,,round_to_nearest_5_or_9_define_later,use_supplier_rsp_if_agreed,none_or_define_later,,,,,,,,draft,product_admin,"Fill trade term, formula, rebate, and special agreement before automated price approval."
FK,"P.K.C. Project Management Co.,Ltd.","P.K.C. Project Management Co.,Ltd. (Consignment)",,,11,15.73,0,define_later,supplier_cost_or_wholesale,define_later,,,,round_to_nearest_5_or_9_define_later,ignore_rsp_or_not_provided,none_or_define_later,,,,,,,,draft,product_admin,"Fill trade term, formula, rebate, and special agreement before automated price approval."
FL,AVIVA,AVIVA (Consignment),,,4,17.0,0,define_later,supplier_cost_or_wholesale,define_later,,,,round_to_nearest_5_or_9_define_later,ignore_rsp_or_not_provided,none_or_define_later,,,,,,,,draft,product_admin,"Fill trade term, formula, rebate, and special agreement before automated price approval."
FM,Kantina,Kantina,,,4,28.25,0,define_later,supplier_cost_or_wholesale,define_later,,,,round_to_nearest_5_or_9_define_later,ignore_rsp_or_not_provided,none_or_define_later,,,,,,,,draft,product_admin,"Fill trade term, formula, rebate, and special agreement before automated price approval."
FN,Enoteca,Enoteca,no_rsp_price,Enoteca,37,27.95,0,formula_only,supplier_cost_or_wholesale,define_later,,,,round_to_nearest_5_or_9_define_later,ignore_rsp_or_not_provided,none_or_define_later,,,,,,,,draft,product_admin,"Fill trade term, formula, rebate, and special agreement before automated price approval."
FO,Wine Merchant,Wine Merchant,no_rsp_price,Wine merchant (Update),64,16.5,43,formula_only,supplier_cost_or_wholesale,define_later,,,,round_to_nearest_5_or_9_define_later,ignore_rsp_or_not_provided,none_or_define_later,,,,,,,,draft,product_admin,"Fill trade term, formula, rebate, and special agreement before automated price approval."
FP,Central Retail,Central Retail,,,97,15.6,1,define_later,supplier_cost_or_wholesale,define_later,,,,round_to_nearest_5_or_9_define_later,ignore_rsp_or_not_provided,none_or_define_later,,,,,,,,draft,product_admin,"Fill trade term, formula, rebate, and special agreement before automated price approval."
FR,WINE PRO,WINE PRO,rsp_price,Wine Pro (Update),54,14.72,23,supplier_rsp_then_formula,supplier_cost_or_wholesale,define_later,,,,round_to_nearest_5_or_9_define_later,use_supplier_rsp_if_agreed,none_or_define_later,,,,,,,,draft,product_admin,"Fill trade term, formula, rebate, and special agreement before automated price approval."
FR(2),WINE PRO,WINE PRO (Consignment),rsp_price,Wine Pro (Update),54,14.72,23,supplier_rsp_then_formula,supplier_cost_or_wholesale,define_later,,,,round_to_nearest_5_or_9_define_later,use_supplier_rsp_if_agreed,none_or_define_later,,,,,,,,draft,product_admin,"Fill trade term, formula, rebate, and special agreement before automated price approval."
FS,SK Liquor,SK Liquor,no_rsp_price,SK Liqour (Update),138,21.48,80,formula_only,supplier_cost_or_wholesale,define_later,,,,round_to_nearest_5_or_9_define_later,ignore_rsp_or_not_provided,none_or_define_later,,,,,,,,draft,product_admin,"Fill trade term, formula, rebate, and special agreement before automated price approval."
FT,LUXE WINE,LUXE WINE,no_rsp_price,LUXE Wine (Update),38,22.05,6,formula_only,supplier_cost_or_wholesale,define_later,,,,round_to_nearest_5_or_9_define_later,ignore_rsp_or_not_provided,none_or_define_later,,,,,,,,draft,product_admin,"Fill trade term, formula, rebate, and special agreement before automated price approval."
FU,Wine Diva,Wine Diva (Consignment),no_rsp_price,Wine Diva (Update),34,20.24,0,formula_only,supplier_cost_or_wholesale,define_later,,,,round_to_nearest_5_or_9_define_later,ignore_rsp_or_not_provided,none_or_define_later,,,,,,,,draft,product_admin,"Fill trade term, formula, rebate, and special agreement before automated price approval."
FV,Ouranos BKK,Ouranos BKK (Consignment),,,1,25.0,0,define_later,supplier_cost_or_wholesale,define_later,,,,round_to_nearest_5_or_9_define_later,ignore_rsp_or_not_provided,none_or_define_later,,,,,,,,draft,product_admin,"Fill trade term, formula, rebate, and special agreement before automated price approval."
FW,Keith and Kym,Keith and Kym,,,99,27.07,0,define_later,supplier_cost_or_wholesale,define_later,,,,round_to_nearest_5_or_9_define_later,ignore_rsp_or_not_provided,none_or_define_later,,,,,,,,draft,product_admin,"Fill trade term, formula, rebate, and special agreement before automated price approval."
FX,Granmonte,Granmonte,rsp_price,Granmonte (Update),17,20.82,25,supplier_rsp_then_formula,supplier_cost_or_wholesale,define_later,,,,round_to_nearest_5_or_9_define_later,use_supplier_rsp_if_agreed,none_or_define_later,,,,,,,,draft,product_admin,"Fill trade term, formula, rebate, and special agreement before automated price approval."
FX(2),Granmonte,Granmonte (Consignment),rsp_price,Granmonte (Update),17,20.82,25,supplier_rsp_then_formula,supplier_cost_or_wholesale,define_later,,,,round_to_nearest_5_or_9_define_later,use_supplier_rsp_if_agreed,none_or_define_later,,,,,,,,draft,product_admin,"Fill trade term, formula, rebate, and special agreement before automated price approval."
FY,Motavi Co Ltd,Motavi Co Ltd,,,10,28.8,0,define_later,supplier_cost_or_wholesale,define_later,,,,round_to_nearest_5_or_9_define_later,ignore_rsp_or_not_provided,none_or_define_later,,,,,,,,draft,product_admin,"Fill trade term, formula, rebate, and special agreement before automated price approval."
GA,Connect Asia,Connect Asia,,,2,28.0,0,define_later,supplier_cost_or_wholesale,define_later,,,,round_to_nearest_5_or_9_define_later,ignore_rsp_or_not_provided,none_or_define_later,,,,,,,,draft,product_admin,"Fill trade term, formula, rebate, and special agreement before automated price approval."
GB,"WOLB ENTERPRISE CO., LTD","WOLB ENTERPRISE CO., LTD",,,5,10.0,5,define_later,supplier_cost_or_wholesale,define_later,,,,round_to_nearest_5_or_9_define_later,ignore_rsp_or_not_provided,none_or_define_later,,,,,,,,draft,product_admin,"Fill trade term, formula, rebate, and special agreement before automated price approval."
GB(2),"WOLB ENTERPRISE CO., LTD","WOLB ENTERPRISE CO., LTD (Consignment)",,,5,10.0,5,define_later,supplier_cost_or_wholesale,define_later,,,,round_to_nearest_5_or_9_define_later,ignore_rsp_or_not_provided,none_or_define_later,,,,,,,,draft,product_admin,"Fill trade term, formula, rebate, and special agreement before automated price approval."
GC,Finesip,Finesip,rsp_price,Finesip & Mr.cru (Update),27,22.26,13,supplier_rsp_then_formula,supplier_cost_or_wholesale,define_later,,,,round_to_nearest_5_or_9_define_later,use_supplier_rsp_if_agreed,none_or_define_later,,,,,,,,draft,product_admin,"Fill trade term, formula, rebate, and special agreement before automated price approval."
GE,Great Wine Company Limited,Great Wine (Thailand) Company Limited,rsp_price,Great wine (Update),56,23.07,6,supplier_rsp_then_formula,supplier_cost_or_wholesale,define_later,,,,round_to_nearest_5_or_9_define_later,use_supplier_rsp_if_agreed,none_or_define_later,,,,,,,,draft,product_admin,"Fill trade term, formula, rebate, and special agreement before automated price approval."
GF,Creative Bottles Asia Pacific,Creative Bottles Asia Pacific,,,13,23.54,8,define_later,supplier_cost_or_wholesale,define_later,,,,round_to_nearest_5_or_9_define_later,ignore_rsp_or_not_provided,none_or_define_later,,,,,,,,draft,product_admin,"Fill trade term, formula, rebate, and special agreement before automated price approval."
GG,P.U.R. Distillery Co. Ltd.,P.U.R. Distillery Co. Ltd. (Head Office),,,6,30.0,0,define_later,supplier_cost_or_wholesale,define_later,,,,round_to_nearest_5_or_9_define_later,ignore_rsp_or_not_provided,none_or_define_later,,,,,,,,draft,product_admin,"Fill trade term, formula, rebate, and special agreement before automated price approval."
GI,Wine Pilot,Wine Pilot,,,2,15.0,0,define_later,supplier_cost_or_wholesale,define_later,,,,round_to_nearest_5_or_9_define_later,ignore_rsp_or_not_provided,none_or_define_later,,,,,,,,draft,product_admin,"Fill trade term, formula, rebate, and special agreement before automated price approval."
GK,Asura Beverage,Asura Beverage (Consignment),,,9,31.67,14,define_later,supplier_cost_or_wholesale,define_later,,,,round_to_nearest_5_or_9_define_later,ignore_rsp_or_not_provided,none_or_define_later,,,,,,,,draft,product_admin,"Fill trade term, formula, rebate, and special agreement before automated price approval."
GL,Royal Gateway,Royal Gateway,,,2,24.0,0,define_later,supplier_cost_or_wholesale,define_later,,,,round_to_nearest_5_or_9_define_later,ignore_rsp_or_not_provided,none_or_define_later,,,,,,,,draft,product_admin,"Fill trade term, formula, rebate, and special agreement before automated price approval."
GM,Baeksan,Baeksan,,,14,13.57,0,define_later,supplier_cost_or_wholesale,define_later,,,,round_to_nearest_5_or_9_define_later,ignore_rsp_or_not_provided,none_or_define_later,,,,,,,,draft,product_admin,"Fill trade term, formula, rebate, and special agreement before automated price approval."
GN,MR.CRU,MR.CRU,rsp_price,Finesip & Mr.cru (Update),4,20.25,0,supplier_rsp_then_formula,supplier_cost_or_wholesale,define_later,,,,round_to_nearest_5_or_9_define_later,use_supplier_rsp_if_agreed,none_or_define_later,,,,,,,,draft,product_admin,"Fill trade term, formula, rebate, and special agreement before automated price approval."
GQ,Noble Wine,Noble Wine (Consignment),,,17,19.65,1,define_later,supplier_cost_or_wholesale,define_later,,,,round_to_nearest_5_or_9_define_later,ignore_rsp_or_not_provided,none_or_define_later,,,,,,,,draft,product_admin,"Fill trade term, formula, rebate, and special agreement before automated price approval."
GR,Inchon distillery,Inchon distillery (Consignment),,,3,15.33,4,define_later,supplier_cost_or_wholesale,define_later,,,,round_to_nearest_5_or_9_define_later,ignore_rsp_or_not_provided,none_or_define_later,,,,,,,,draft,product_admin,"Fill trade term, formula, rebate, and special agreement before automated price approval."
GS,Yummy Greece,Yummy Greece,,,7,27.0,0,define_later,supplier_cost_or_wholesale,define_later,,,,round_to_nearest_5_or_9_define_later,ignore_rsp_or_not_provided,none_or_define_later,,,,,,,,draft,product_admin,"Fill trade term, formula, rebate, and special agreement before automated price approval."
GT,RD Wine Consulting,RD Wine Consulting (Consignment),,,48,21.69,13,define_later,supplier_cost_or_wholesale,define_later,,,,round_to_nearest_5_or_9_define_later,ignore_rsp_or_not_provided,none_or_define_later,,,,,,,,draft,product_admin,"Fill trade term, formula, rebate, and special agreement before automated price approval."
GU,"One Bev .Co.,Ltd","One Bev .Co.,Ltd (Consignment)",rsp_price,"One Bev .Co.,Ltd",21,23.48,4,supplier_rsp_then_formula,supplier_cost_or_wholesale,define_later,,,,round_to_nearest_5_or_9_define_later,use_supplier_rsp_if_agreed,none_or_define_later,,,,,,,,draft,product_admin,"Fill trade term, formula, rebate, and special agreement before automated price approval."
GV,"K.R.INTERTRADE 2017 CO.,LTD","K.R.INTERTRADE 2017 CO.,LTD",,,5,25.0,0,define_later,supplier_cost_or_wholesale,define_later,,,,round_to_nearest_5_or_9_define_later,ignore_rsp_or_not_provided,none_or_define_later,,,,,,,,draft,product_admin,"Fill trade term, formula, rebate, and special agreement before automated price approval."
GW,Ideal Wine,Ideal Wine,rsp_price,Ideal Wine,294,24.03,13,supplier_rsp_then_formula,supplier_cost_or_wholesale,define_later,,,,round_to_nearest_5_or_9_define_later,use_supplier_rsp_if_agreed,none_or_define_later,,,,,,,,draft,product_admin,"Fill trade term, formula, rebate, and special agreement before automated price approval."
GW(2),Ideal Wine,Ideal Wine (Consignment),rsp_price,Ideal Wine,294,24.03,13,supplier_rsp_then_formula,supplier_cost_or_wholesale,define_later,,,,round_to_nearest_5_or_9_define_later,use_supplier_rsp_if_agreed,none_or_define_later,,,,,,,,draft,product_admin,"Fill trade term, formula, rebate, and special agreement before automated price approval."
GX,"Double A Distribution Co., Ltd.","Double A Distribution Co., Ltd. (D.A.D.)",rsp_price,DAD (Update),55,19.62,31,supplier_rsp_then_formula,supplier_cost_or_wholesale,define_later,,,,round_to_nearest_5_or_9_define_later,use_supplier_rsp_if_agreed,none_or_define_later,,,,,,,,draft,product_admin,"Fill trade term, formula, rebate, and special agreement before automated price approval."
HC,Vim&Vigor,Vim&Vigor (Consignment),,,21,6.1,3,define_later,supplier_cost_or_wholesale,define_later,,,,round_to_nearest_5_or_9_define_later,ignore_rsp_or_not_provided,none_or_define_later,,,,,,,,draft,product_admin,"Fill trade term, formula, rebate, and special agreement before automated price approval."
HC-CEL,เซเลสเทียร์,เซเลสเทียร์ (Consignment),,,21,6.1,3,define_later,supplier_cost_or_wholesale,define_later,,,,round_to_nearest_5_or_9_define_later,ignore_rsp_or_not_provided,none_or_define_later,,,,,,,,draft,product_admin,"Fill trade term, formula, rebate, and special agreement before automated price approval."
HD,The Sake Merchant,The Sake Merchant,rsp_price,Sake merchant,45,34.51,0,supplier_rsp_then_formula,supplier_cost_or_wholesale,define_later,,,,round_to_nearest_5_or_9_define_later,use_supplier_rsp_if_agreed,none_or_define_later,,,,,,,,draft,product_admin,"Fill trade term, formula, rebate, and special agreement before automated price approval."
HE,บริษัท วินเนอร์โฮม จำกัด,บริษัท วินเนอร์โฮม จำกัด (Consignment),,,2,30.0,0,define_later,supplier_cost_or_wholesale,define_later,,,,round_to_nearest_5_or_9_define_later,ignore_rsp_or_not_provided,none_or_define_later,,,,,,,,draft,product_admin,"Fill trade term, formula, rebate, and special agreement before automated price approval."
HF,Onson,Onson (Consignment),,,8,16.0,2,define_later,supplier_cost_or_wholesale,define_later,,,,round_to_nearest_5_or_9_define_later,ignore_rsp_or_not_provided,none_or_define_later,,,,,,,,draft,product_admin,"Fill trade term, formula, rebate, and special agreement before automated price approval."
HI,Orion Fine Wines,Orion Fine Wines (-10%),no_rsp_price,Orion Fine Wine (Update),71,21.59,43,formula_only,supplier_cost_or_wholesale,define_later,,,,round_to_nearest_5_or_9_define_later,ignore_rsp_or_not_provided,none_or_define_later,,,,,,,,draft,product_admin,"Fill trade term, formula, rebate, and special agreement before automated price approval."
HK,exquisiteelixir,exquisiteelixir,rsp_price,NEW! Exquisite elixir,15,15.0,1,supplier_rsp_then_formula,supplier_cost_or_wholesale,define_later,,,,round_to_nearest_5_or_9_define_later,use_supplier_rsp_if_agreed,none_or_define_later,,,,,,,,draft,product_admin,"Fill trade term, formula, rebate, and special agreement before automated price approval."
HK(2),exquisiteelixir,exquisiteelixir (Consignment),rsp_price,NEW! Exquisite elixir,15,15.0,1,supplier_rsp_then_formula,supplier_cost_or_wholesale,define_later,,,,round_to_nearest_5_or_9_define_later,use_supplier_rsp_if_agreed,none_or_define_later,,,,,,,,draft,product_admin,"Fill trade term, formula, rebate, and special agreement before automated price approval."
HM,JDSS,JDSS,no_rsp_price,JDSS (ไวน์ลด20% วิสกี้ลด10%) Update,40,13.3,17,formula_only,supplier_cost_or_wholesale,define_later,,,,round_to_nearest_5_or_9_define_later,ignore_rsp_or_not_provided,none_or_define_later,,,,,,,,draft,product_admin,"Fill trade term, formula, rebate, and special agreement before automated price approval."
HP,JDSS,JDSS,no_rsp_price,JDSS (ไวน์ลด20% วิสกี้ลด10%) Update,,,,formula_only,supplier_cost_or_wholesale,define_later,,,,round_to_nearest_5_or_9_define_later,ignore_rsp_or_not_provided,none_or_define_later,,,,,,,,draft,product_admin,"Fill trade term, formula, rebate, and special agreement before automated price approval."
WN,Wine-now,Wine-now,,,17,23.82,51,define_later,supplier_cost_or_wholesale,define_later,,,,round_to_nearest_5_or_9_define_later,ignore_rsp_or_not_provided,none_or_define_later,,,,,,,,draft,product_admin,"Fill trade term, formula, rebate, and special agreement before automated price approval."
