entity_type,entity_name,parent_country,parent_region,parent_subregion,classification_scope,product_count,segments_seen,source_basis,copy_status,description_short_en,description_full_en,notes
country,Anguilla,,,,,1,spirits,catalog_and_taxonomy_rules,draft_ready,"Anguilla is a core origin in the WNLQ9 catalog, represented most strongly through Rum.","Anguilla plays an important role in the current assortment, with product coverage that centers on Rum and regional strength in Caribbean. In commercial terms, the country reads as a reliable source of category-defining products with strength in Rum. This draft description is generated from live catalog patterns and is intended as a professional library entry that can later be refined with source-validated regional history where needed.",Region map available: no
country,Argentina,,,,,176,wine,catalog_and_taxonomy_rules,expert_reviewed,"Argentina is best known for Malbec from Mendoza, offering ripe fruit, altitude freshness, and excellent value across price levels.","Argentina's wine story is led by the Andes, especially Mendoza, where altitude helps preserve freshness in sunny conditions. Malbec is the signature grape, but Cabernet Sauvignon, Chardonnay, Torrontés, and Cabernet Franc are also important. The best wines combine generous fruit with mountain lift and a polished tannin profile. Argentina performs strongly both as an approachable entry point and as a source of serious premium reds.",Region map available: yes
country,Australia,,,,,795,"wine, spirits, accessories",catalog_and_taxonomy_rules,expert_reviewed,"Australia is a leading New World wine country, celebrated for bold Shiraz, strong regional identities, and consistently polished styles.","Australia's wine reputation is built on both power and precision. South Australia remains the heart of the category through Barossa, McLaren Vale, and Coonawarra, while Margaret River, Yarra Valley, Clare Valley, and Tasmania add regional range. Shiraz and Cabernet Sauvignon are central to the country's red wine identity, with Chardonnay, Riesling, and sparkling wine also important. The market spans reliable everyday labels and some of the Southern Hemisphere's most collectible wines.",Region map available: yes
country,Austria,,,,,198,"accessories, wine",catalog_and_taxonomy_rules,expert_reviewed,"Austria is a fine wine country known for Grüner Veltliner, Riesling, and precise cool-climate whites with strong gastronomic appeal.","Austria's reputation rests on freshness, clarity, and regional definition. Wachau, Kamptal, Kremstal, and Burgenland are among its key regions, with Grüner Veltliner and Riesling leading the country's white wine image, while Blaufränkisch and Zweigelt are important on the red side. Austrian wines often combine lift, mineral tension, and food-friendly structure. The country is especially valued by drinkers looking for elegant alternatives to more obvious classic regions.",Region map available: no
country,Barbados,,,,,20,spirits,catalog_and_taxonomy_rules,draft_ready,"Barbados is a core origin in the WNLQ9 catalog, represented most strongly through Rum.","Barbados plays an important role in the current assortment, with product coverage that centers on Rum and regional strength in Barbados, Caribbean, and Kentucky. In commercial terms, the country reads as a reliable source of category-defining products with strength in Rum. This draft description is generated from live catalog patterns and is intended as a professional library entry that can later be refined with source-validated regional history where needed. Across the present range, the most visible style signatures include Aged Rum, Dark Rum, and White Rum.",Region map available: no
country,Belgium,,,,,62,"beer, spirits",catalog_and_taxonomy_rules,draft_ready,"Belgium is a core origin in the WNLQ9 catalog, represented most strongly through Beer, Gin, and Rum.","Belgium plays an important role in the current assortment, with product coverage that centers on Beer, Gin, and Rum and regional strength in Caribbean and Cognac. In commercial terms, the country reads as a reliable source of category-defining products with styles led by Dry Gin, Spiced Rum, and White Rum. This draft description is generated from live catalog patterns and is intended as a professional library entry that can later be refined with source-validated regional history where needed. Across the present range, the most visible style signatures include Dry Gin, Spiced Rum, and White Rum.",Region map available: no
country,Bermuda,,,,,2,spirits,catalog_and_taxonomy_rules,draft_ready,"Bermuda is a core origin in the WNLQ9 catalog, represented most strongly through Rum.","Bermuda plays an important role in the current assortment, with product coverage that centers on Rum and regional strength in Cognac. In commercial terms, the country reads as a reliable source of category-defining products with strength in Rum. This draft description is generated from live catalog patterns and is intended as a professional library entry that can later be refined with source-validated regional history where needed. Across the present range, the most visible style signatures include Dark Rum.",Region map available: no
country,Brazil,,,,,15,spirits,catalog_and_taxonomy_rules,draft_ready,"Brazil is a core origin in the WNLQ9 catalog, represented most strongly through Rum and Liqueur.","Brazil plays an important role in the current assortment, with product coverage that centers on Rum and Liqueur and regional strength in Cognac and Islay. In commercial terms, the country reads as a reliable source of category-defining products with strength in Rum and Liqueur. This draft description is generated from live catalog patterns and is intended as a professional library entry that can later be refined with source-validated regional history where needed. Across the present range, the most visible style signatures include Aged Rum.",Region map available: no
country,Cambodia,,,,,3,spirits,catalog_and_taxonomy_rules,draft_ready,"Cambodia is a core origin in the WNLQ9 catalog, represented most strongly through Gin.","Cambodia plays an important role in the current assortment, with product coverage that centers on Gin and regional strength in key production areas. In commercial terms, the country reads as a reliable source of category-defining products with strength in Gin. This draft description is generated from live catalog patterns and is intended as a professional library entry that can later be refined with source-validated regional history where needed. Across the present range, the most visible style signatures include Dry Gin.",Region map available: no
country,Canada,,,,,29,"spirits, beer",catalog_and_taxonomy_rules,draft_ready,"Canada is a core origin in the WNLQ9 catalog, represented most strongly through Whisky, Liqueur, and Gin.","Canada plays an important role in the current assortment, with product coverage that centers on Whisky, Liqueur, and Gin and regional strength in Caribbean and Islands. In commercial terms, the country reads as a reliable source of category-defining products with strength in Whisky, Liqueur, and Gin. This draft description is generated from live catalog patterns and is intended as a professional library entry that can later be refined with source-validated regional history where needed. Across the present range, the most visible style signatures include Dry Gin, Fruit Liqueur, and Plain Vodka.",Region map available: no
country,Caribbean,,,,,11,spirits,catalog_and_taxonomy_rules,draft_ready,"Caribbean is a core origin in the WNLQ9 catalog, represented most strongly through Rum.","Caribbean plays an important role in the current assortment, with product coverage that centers on Rum and regional strength in Caribbean, Jamaica, and Islands. In commercial terms, the country reads as a reliable source of category-defining products with strength in Rum. This draft description is generated from live catalog patterns and is intended as a professional library entry that can later be refined with source-validated regional history where needed. Across the present range, the most visible style signatures include Gold Rum, White Rum, and Spiced Rum.",Region map available: no
country,Chile,,,,,465,"wine, spirits",catalog_and_taxonomy_rules,expert_reviewed,"Chile is one of South America's key wine countries, known for value, consistency, and polished Cabernet Sauvignon, Carmenere, and Sauvignon Blanc.","Chile stretches between the Andes and the Pacific, giving its vineyards cooling influences and a long growing season. Cabernet Sauvignon remains the country's flagship red, with Carmenere, Merlot, Chardonnay, and Sauvignon Blanc all important across regions such as Maipo, Colchagua, Casablanca, and the Central Valley. The wines often balance ripe fruit with freshness and clean varietal definition. Chile is especially strong where dependable quality and price-to-quality value matter.",Region map available: yes
country,China,,,,,24,"accessories, wine, spirits",catalog_and_taxonomy_rules,draft_ready,"China is a core origin in the WNLQ9 catalog, represented most strongly through Accessories, Red Wine, and Gin.","China plays an important role in the current assortment, with product coverage that centers on Accessories, Red Wine, and Gin and regional strength in Ningxia, Bordeaux, and Napa Valley. In commercial terms, the country reads as a reliable source of category-defining products with a focus on Accessories, Red Wine, and Gin. This draft description is generated from live catalog patterns and is intended as a professional library entry that can later be refined with source-validated regional history where needed. Across the present range, the most visible style signatures include Dry Gin, Cabernet Sauvignon, Cabernet Gernischt, and Cabernet Sauvignon, Merlot.",Region map available: no
country,Colombia,,,,,7,spirits,catalog_and_taxonomy_rules,draft_ready,"Colombia is a core origin in the WNLQ9 catalog, represented most strongly through Rum, Gin, and Liqueur.","Colombia plays an important role in the current assortment, with product coverage that centers on Rum, Gin, and Liqueur and regional strength in Highland. In commercial terms, the country reads as a reliable source of category-defining products with strength in Rum, Gin, and Liqueur. This draft description is generated from live catalog patterns and is intended as a professional library entry that can later be refined with source-validated regional history where needed. Across the present range, the most visible style signatures include Aged Rum, Dry Gin, and Coffee Liqueur.",Region map available: no
country,Cuba,,,,,93,"accessories, spirits",catalog_and_taxonomy_rules,expert_reviewed,"Cuba is one of the classic homes of rum and cigar culture, with a drinks identity built on molasses spirit and cocktail tradition.","Cuba's global drinks reputation is tied to light-bodied Spanish-style rum and to the enduring influence of Havana cocktail culture. Cuban rum typically emphasizes balance, softness, and mixability rather than heavy sweetness, making it central to drinks such as the Daiquiri and Mojito. The country is also inseparable from premium cigars, which shape its luxury identity. For spirits retail, Cuba remains a highly recognizable origin with strong heritage appeal.",Region map available: no
country,Czech Republic,,,,,12,"beer, spirits",catalog_and_taxonomy_rules,draft_ready,"Czech Republic is a core origin in the WNLQ9 catalog, represented most strongly through Beer, Liqueur, and Gin.","Czech Republic plays an important role in the current assortment, with product coverage that centers on Beer, Liqueur, and Gin and regional strength in key production areas. In commercial terms, the country reads as a reliable source of category-defining products with styles led by Herbal Liqueur, Dry Gin, and Blended Whisky. This draft description is generated from live catalog patterns and is intended as a professional library entry that can later be refined with source-validated regional history where needed. Across the present range, the most visible style signatures include Herbal Liqueur, Dry Gin, and Blended Whisky.",Region map available: no
country,Denmark,,,,,11,"beer, accessories",catalog_and_taxonomy_rules,draft_ready,"Denmark is a core origin in the WNLQ9 catalog, represented most strongly through Beer and Accessories.","Denmark plays an important role in the current assortment, with product coverage that centers on Beer and Accessories and regional strength in Islands. In commercial terms, the country reads as a reliable source of category-defining products with styles led by classic brewing traditions. This draft description is generated from live catalog patterns and is intended as a professional library entry that can later be refined with source-validated regional history where needed.",Region map available: no
country,Dominican Republic,,,,,16,"spirits, accessories",catalog_and_taxonomy_rules,draft_ready,"Dominican Republic is a core origin in the WNLQ9 catalog, represented most strongly through Rum and Cigar.","Dominican Republic plays an important role in the current assortment, with product coverage that centers on Rum and Cigar and regional strength in Cognac. In commercial terms, the country reads as a reliable source of category-defining products with strength in Rum and Cigar. This draft description is generated from live catalog patterns and is intended as a professional library entry that can later be refined with source-validated regional history where needed. Across the present range, the most visible style signatures include Aged Rum and White Rum.",Region map available: no
country,England,,,,,70,"spirits, wine, beer",catalog_and_taxonomy_rules,expert_reviewed,"England has emerged as a serious sparkling wine origin, with chalky soils and a cool climate well suited to classic-method styles.","England is best known for sparkling wine made from Chardonnay, Pinot Noir, and Pinot Meunier, especially in the south where chalk soils mirror parts of Champagne. The style often emphasizes freshness, fine acidity, and mineral precision. Still wines exist in smaller quantities, but premium English wine is defined above all by sparkling production. The category has moved from curiosity to credible fine-wine alternative.",Region map available: no
country,Fiji,,,,,2,spirits,catalog_and_taxonomy_rules,draft_ready,"Fiji is a core origin in the WNLQ9 catalog, represented most strongly through Rum.","Fiji plays an important role in the current assortment, with product coverage that centers on Rum and regional strength in Islands. In commercial terms, the country reads as a reliable source of category-defining products with strength in Rum. This draft description is generated from live catalog patterns and is intended as a professional library entry that can later be refined with source-validated regional history where needed. Across the present range, the most visible style signatures include Spiced Rum.",Region map available: no
country,Finland,,,,,8,spirits,catalog_and_taxonomy_rules,draft_ready,"Finland is a core origin in the WNLQ9 catalog, represented most strongly through Vodka and Gin.","Finland plays an important role in the current assortment, with product coverage that centers on Vodka and Gin and regional strength in key production areas. In commercial terms, the country reads as a reliable source of category-defining products with strength in Vodka and Gin. This draft description is generated from live catalog patterns and is intended as a professional library entry that can later be refined with source-validated regional history where needed. Across the present range, the most visible style signatures include Plain Vodka, Dry Gin, and Flavored Vodka.",Region map available: no
country,France,,,,,2753,"wine, spirits, other",catalog_and_taxonomy_rules,expert_reviewed,"France is the benchmark for fine wine and the birthplace of Champagne, Cognac, and many of the world's classic appellations.","France remains the reference point for premium wine through regions such as Bordeaux, Burgundy, Champagne, the Rhône Valley, Loire, and Alsace. Its appellation system ties quality and style closely to origin, from Cabernet and Merlot blends to Pinot Noir, Chardonnay, and traditional-method sparkling wine. France is also home to Cognac, Armagnac, and classic aperitif culture. For fine wine retail, it is one of the essential countries to understand.",Region map available: yes
country,Georgia,,,,,12,wine,catalog_and_taxonomy_rules,draft_ready,"Georgia is a core origin in the WNLQ9 catalog, represented most strongly through Red Wine, White Wine, and Orange Wine.","Georgia plays an important role in the current assortment, with product coverage that centers on Red Wine, White Wine, and Orange Wine and regional strength in Others region. In commercial terms, the country reads as a reliable source of category-defining products with a profile shaped by Saperavi, Rkatsiteli, and Rkatsitli And 20% Green Grapes.. This draft description is generated from live catalog patterns and is intended as a professional library entry that can later be refined with source-validated regional history where needed. Across the present range, the most visible style signatures include Saperavi, Rkatsiteli, and Rkatsitli And 20% Green Grapes..",Region map available: no
country,Germany,,,,,217,"wine, spirits, beer",catalog_and_taxonomy_rules,expert_reviewed,"Germany is best known for Riesling, producing wines that range from bone dry to lusciously sweet with clarity and precision.","Germany's wine identity is anchored by Riesling and the country's cool-climate vineyards along rivers such as the Mosel, Rheingau, Nahe, and Pfalz. The best wines are valued for purity, acidity, and the ability to balance sweetness with structure. Germany also produces strong Pinot family wines and important beer and herbal liqueur traditions. It is a key origin for drinkers who value freshness, minerality, and aromatic detail.",Region map available: yes
country,Greece,,,,,8,"wine, spirits",catalog_and_taxonomy_rules,draft_ready,"Greece is a core origin in the WNLQ9 catalog, represented most strongly through Red Wine, White Wine, and Liqueur.","Greece plays an important role in the current assortment, with product coverage that centers on Red Wine, White Wine, and Liqueur and regional strength in Macedonia. In commercial terms, the country reads as a reliable source of category-defining products with a profile shaped by classic regional styles. This draft description is generated from live catalog patterns and is intended as a professional library entry that can later be refined with source-validated regional history where needed.",Region map available: no
country,Grenada,,,,,1,spirits,catalog_and_taxonomy_rules,draft_ready,"Grenada is a core origin in the WNLQ9 catalog, represented most strongly through Rum.","Grenada plays an important role in the current assortment, with product coverage that centers on Rum and regional strength in Caribbean. In commercial terms, the country reads as a reliable source of category-defining products with strength in Rum. This draft description is generated from live catalog patterns and is intended as a professional library entry that can later be refined with source-validated regional history where needed.",Region map available: no
country,Guatemala,,,,,2,spirits,catalog_and_taxonomy_rules,draft_ready,"Guatemala is a core origin in the WNLQ9 catalog, represented most strongly through Rum.","Guatemala plays an important role in the current assortment, with product coverage that centers on Rum and regional strength in Cognac. In commercial terms, the country reads as a reliable source of category-defining products with strength in Rum. This draft description is generated from live catalog patterns and is intended as a professional library entry that can later be refined with source-validated regional history where needed.",Region map available: no
country,Guyana,,,,,5,spirits,catalog_and_taxonomy_rules,draft_ready,"Guyana is a core origin in the WNLQ9 catalog, represented most strongly through Rum.","Guyana plays an important role in the current assortment, with product coverage that centers on Rum and regional strength in Guyana and Demerara. In commercial terms, the country reads as a reliable source of category-defining products with strength in Rum. This draft description is generated from live catalog patterns and is intended as a professional library entry that can later be refined with source-validated regional history where needed. Across the present range, the most visible style signatures include Dark Rum.",Region map available: no
country,Honduras,,,,,6,accessories,catalog_and_taxonomy_rules,draft_ready,"Honduras is a core origin in the WNLQ9 catalog, represented most strongly through Cigar.","Honduras plays an important role in the current assortment, with product coverage that centers on Cigar and regional strength in key production areas. In commercial terms, the country reads as a reliable source of category-defining products with a focus on Cigar. This draft description is generated from live catalog patterns and is intended as a professional library entry that can later be refined with source-validated regional history where needed.",Region map available: no
country,Hungary,,,,,5,wine,catalog_and_taxonomy_rules,draft_ready,"Hungary is a core origin in the WNLQ9 catalog, represented most strongly through White Wine and Red Wine.","Hungary plays an important role in the current assortment, with product coverage that centers on White Wine and Red Wine and regional strength in Others region and Tokaj. In commercial terms, the country reads as a reliable source of category-defining products with a profile shaped by Furmint, Merlot Blended, and Furmint, Hrslevel, Muscat, Other Native Varietals. This draft description is generated from live catalog patterns and is intended as a professional library entry that can later be refined with source-validated regional history where needed. Across the present range, the most visible style signatures include Furmint, Merlot Blended, and Furmint, Hrslevel, Muscat, Other Native Varietals.",Region map available: no
country,Iceland,,,,,8,spirits,catalog_and_taxonomy_rules,draft_ready,"Iceland is a core origin in the WNLQ9 catalog, represented most strongly through Gin, Vodka, and Liqueur.","Iceland plays an important role in the current assortment, with product coverage that centers on Gin, Vodka, and Liqueur and regional strength in Champagne and Islands. In commercial terms, the country reads as a reliable source of category-defining products with strength in Gin, Vodka, and Liqueur. This draft description is generated from live catalog patterns and is intended as a professional library entry that can later be refined with source-validated regional history where needed. Across the present range, the most visible style signatures include Dry Gin, Plain Vodka, and Cream Liqueur.",Region map available: no
country,India,,,,,8,spirits,catalog_and_taxonomy_rules,draft_ready,"India is a core origin in the WNLQ9 catalog, represented most strongly through Gin, Vodka, and Rum.","India plays an important role in the current assortment, with product coverage that centers on Gin, Vodka, and Rum and regional strength in key production areas. In commercial terms, the country reads as a reliable source of category-defining products with strength in Gin, Vodka, and Rum. This draft description is generated from live catalog patterns and is intended as a professional library entry that can later be refined with source-validated regional history where needed. Across the present range, the most visible style signatures include Dry Gin, Plain Vodka, and London Dry Gin.",Region map available: no
country,Indonesia,,,,,2,spirits,catalog_and_taxonomy_rules,draft_ready,"Indonesia is a core origin in the WNLQ9 catalog, represented most strongly through Rum.","Indonesia plays an important role in the current assortment, with product coverage that centers on Rum and regional strength in Islands. In commercial terms, the country reads as a reliable source of category-defining products with strength in Rum. This draft description is generated from live catalog patterns and is intended as a professional library entry that can later be refined with source-validated regional history where needed. Across the present range, the most visible style signatures include White Rum and Spiced Rum.",Region map available: no
country,Ireland,,,,,71,"spirits, beer, wine",catalog_and_taxonomy_rules,draft_ready,"Ireland is a core origin in the WNLQ9 catalog, represented most strongly through Whisky, Gin, and Beer.","Ireland plays an important role in the current assortment, with product coverage that centers on Whisky, Gin, and Beer and regional strength in Islands, Burgundy, and Douro. In commercial terms, the country reads as a reliable source of category-defining products with strength in Whisky, Gin, and Beer. This draft description is generated from live catalog patterns and is intended as a professional library entry that can later be refined with source-validated regional history where needed. Across the present range, the most visible style signatures include Irish Whiskey, Single Malt Irish Whiskey, and Dry Gin.",Region map available: no
country,Italy,,,,,1961,"wine, spirits, beer",catalog_and_taxonomy_rules,expert_reviewed,"Italy is one of the world's great wine countries, known for regional diversity, native grapes, and food-friendly styles from north to south.","Italy offers extraordinary regional contrast, from Piedmont's Nebbiolo and Tuscany's Sangiovese to Veneto's Amarone and Prosecco, Sicily's volcanic whites, and the rich reds of Puglia. Native grape varieties are central to its identity, and DOC and DOCG classifications help define origin and quality. Italy also brings important bitters, vermouth, and grappa traditions to the spirits world. It is a cornerstone country for both discovery and everyday drinking.",Region map available: yes
country,Jamaica,,,,,9,spirits,catalog_and_taxonomy_rules,draft_ready,"Jamaica is a core origin in the WNLQ9 catalog, represented most strongly through Rum.","Jamaica plays an important role in the current assortment, with product coverage that centers on Rum and regional strength in Jamaica. In commercial terms, the country reads as a reliable source of category-defining products with strength in Rum. This draft description is generated from live catalog patterns and is intended as a professional library entry that can later be refined with source-validated regional history where needed. Across the present range, the most visible style signatures include Gold Rum and White Rum.",Region map available: no
country,Japan,,,,,804,"spirits, other, beer",catalog_and_taxonomy_rules,expert_reviewed,"Japan is renowned for refined sake, precise whisky, and a modern craft spirits culture shaped by balance and detail.","Japan is one of the most important countries in premium sake and whisky. Its sake culture spans polished junmai daiginjo, expressive junmai, and regional styles shaped by rice, water, and brewery tradition, while Japanese whisky is prized for finesse, texture, and cask precision. The country also has a fast-growing gin, liqueur, and shochu scene. Across categories, Japanese drinks are often defined by purity, restraint, and meticulous production.",Region map available: no
country,Korea,,,,,20,"spirits, beer, wine",catalog_and_taxonomy_rules,draft_ready,"Korea is a core origin in the WNLQ9 catalog, represented most strongly through Sake/Shochu, Beer, and Korean Wine.","Korea plays an important role in the current assortment, with product coverage that centers on Sake/Shochu, Beer, and Korean Wine and regional strength in key production areas. In commercial terms, the country reads as a reliable source of category-defining products with strength in Sake/Shochu, Beer, and Korean Wine. This draft description is generated from live catalog patterns and is intended as a professional library entry that can later be refined with source-validated regional history where needed.",Region map available: no
country,Latvia,,,,,6,"spirits, wine",catalog_and_taxonomy_rules,draft_ready,"Latvia is a core origin in the WNLQ9 catalog, represented most strongly through Gin, Liqueur, and Vodka.","Latvia plays an important role in the current assortment, with product coverage that centers on Gin, Liqueur, and Vodka and regional strength in Others region. In commercial terms, the country reads as a reliable source of category-defining products with strength in Gin, Liqueur, and Vodka. This draft description is generated from live catalog patterns and is intended as a professional library entry that can later be refined with source-validated regional history where needed. Across the present range, the most visible style signatures include Dry Gin and Plain Vodka.",Region map available: no
country,Lebanon,,,,,2,wine,catalog_and_taxonomy_rules,draft_ready,"Lebanon is a core origin in the WNLQ9 catalog, represented most strongly through Red Wine.","Lebanon plays an important role in the current assortment, with product coverage that centers on Red Wine and regional strength in Others region. In commercial terms, the country reads as a reliable source of category-defining products with a profile shaped by Cabernet Sauvignon, Cinsault, Carignan. This draft description is generated from live catalog patterns and is intended as a professional library entry that can later be refined with source-validated regional history where needed. Across the present range, the most visible style signatures include Cabernet Sauvignon, Cinsault, Carignan.",Region map available: no
country,Martinique,,,,,4,spirits,catalog_and_taxonomy_rules,draft_ready,"Martinique is a core origin in the WNLQ9 catalog, represented most strongly through Rum and Liqueur.","Martinique plays an important role in the current assortment, with product coverage that centers on Rum and Liqueur and regional strength in Martinique. In commercial terms, the country reads as a reliable source of category-defining products with strength in Rum and Liqueur. This draft description is generated from live catalog patterns and is intended as a professional library entry that can later be refined with source-validated regional history where needed. Across the present range, the most visible style signatures include Rhum Agricole and Herbal Liqueur.",Region map available: no
country,Mexico,,,,,205,"spirits, beer, accessories",catalog_and_taxonomy_rules,expert_reviewed,"Mexico is the global home of tequila and mezcal, with a drinks culture rooted in agave, regional identity, and bold flavor.","Mexico's greatest influence on the global drinks market comes from agave spirits. Tequila, centered on blue agave and strongly associated with Jalisco, spans crisp blancos, oak-aged reposados, and richer añejos, while mezcal offers broader regional and varietal diversity with a more rustic or smoky profile. Mexico is also important in beer and a growing premium spirits scene. Its strongest retail appeal lies in authenticity, mixability, and distinctive origin character.",Region map available: no
country,Monaco,,,,,1,spirits,catalog_and_taxonomy_rules,draft_ready,"Monaco is a core origin in the WNLQ9 catalog, represented most strongly through Vodka.","Monaco plays an important role in the current assortment, with product coverage that centers on Vodka and regional strength in key production areas. In commercial terms, the country reads as a reliable source of category-defining products with strength in Vodka. This draft description is generated from live catalog patterns and is intended as a professional library entry that can later be refined with source-validated regional history where needed. Across the present range, the most visible style signatures include Plain Vodka.",Region map available: no
country,Netherland,,,,,48,spirits,catalog_and_taxonomy_rules,draft_ready,"Netherland is a core origin in the WNLQ9 catalog, represented most strongly through Liqueur, Vodka, and Gin.","Netherland plays an important role in the current assortment, with product coverage that centers on Liqueur, Vodka, and Gin and regional strength in Cognac, Kentucky, and Islands. In commercial terms, the country reads as a reliable source of category-defining products with strength in Liqueur, Vodka, and Gin. This draft description is generated from live catalog patterns and is intended as a professional library entry that can later be refined with source-validated regional history where needed. Across the present range, the most visible style signatures include Fruit Liqueur, Plain Vodka, and Dry Gin.",Region map available: no
country,Netherlands,,,,,17,spirits,catalog_and_taxonomy_rules,draft_ready,"Netherlands is a core origin in the WNLQ9 catalog, represented most strongly through Liqueur and Vodka.","Netherlands plays an important role in the current assortment, with product coverage that centers on Liqueur and Vodka and regional strength in Champagne and Cognac. In commercial terms, the country reads as a reliable source of category-defining products with strength in Liqueur and Vodka. This draft description is generated from live catalog patterns and is intended as a professional library entry that can later be refined with source-validated regional history where needed. Across the present range, the most visible style signatures include Fruit Liqueur, Chocolate Liqueur, and Nut Liqueur.",Region map available: no
country,New Zealand,,,,,188,"wine, spirits, other",catalog_and_taxonomy_rules,expert_reviewed,"New Zealand is famous for vivid Sauvignon Blanc and pure-fruited Pinot Noir, with a crisp, modern style shaped by cool climates.","New Zealand built its global reputation on Marlborough Sauvignon Blanc, whose citrus, passion fruit, and herbaceous profile became a benchmark style. Pinot Noir also plays a major role in regions such as Central Otago and Martinborough, while Chardonnay, Riesling, and sparkling wine add depth. The country's wines are often defined by brightness, precision, and aromatic clarity. For premium retail, New Zealand offers high drinkability with strong varietal identity.",Region map available: yes
country,Nicaragua,,,,,15,"spirits, accessories",catalog_and_taxonomy_rules,draft_ready,"Nicaragua is a core origin in the WNLQ9 catalog, represented most strongly through Rum and Cigar.","Nicaragua plays an important role in the current assortment, with product coverage that centers on Rum and Cigar and regional strength in key production areas. In commercial terms, the country reads as a reliable source of category-defining products with strength in Rum and Cigar. This draft description is generated from live catalog patterns and is intended as a professional library entry that can later be refined with source-validated regional history where needed. Across the present range, the most visible style signatures include Aged Rum.",Region map available: no
country,Norway,,,,,8,"spirits, accessories",catalog_and_taxonomy_rules,draft_ready,"Norway is a core origin in the WNLQ9 catalog, represented most strongly through Gin, Accessories, and Liqueur.","Norway plays an important role in the current assortment, with product coverage that centers on Gin, Accessories, and Liqueur and regional strength in Champagne. In commercial terms, the country reads as a reliable source of category-defining products with strength in Gin, Accessories, and Liqueur. This draft description is generated from live catalog patterns and is intended as a professional library entry that can later be refined with source-validated regional history where needed. Across the present range, the most visible style signatures include Dry Gin.",Region map available: no
country,Panama,,,,,6,spirits,catalog_and_taxonomy_rules,draft_ready,"Panama is a core origin in the WNLQ9 catalog, represented most strongly through Rum and Liqueur.","Panama plays an important role in the current assortment, with product coverage that centers on Rum and Liqueur and regional strength in key production areas. In commercial terms, the country reads as a reliable source of category-defining products with strength in Rum and Liqueur. This draft description is generated from live catalog patterns and is intended as a professional library entry that can later be refined with source-validated regional history where needed. Across the present range, the most visible style signatures include Coffee Liqueur and Cream Liqueur.",Region map available: no
country,Peru,,,,,9,"wine, spirits",catalog_and_taxonomy_rules,draft_ready,"Peru is a core origin in the WNLQ9 catalog, represented most strongly through Red Wine, White Wine, and Brandy.","Peru plays an important role in the current assortment, with product coverage that centers on Red Wine, White Wine, and Brandy and regional strength in Ica. In commercial terms, the country reads as a reliable source of category-defining products with a profile shaped by Cabernet Sauvignon, Syrah, and Malbec. This draft description is generated from live catalog patterns and is intended as a professional library entry that can later be refined with source-validated regional history where needed. Across the present range, the most visible style signatures include Cabernet Sauvignon, Syrah, and Malbec.",Region map available: no
country,Philippines,,,,,3,"beer, spirits",catalog_and_taxonomy_rules,draft_ready,"Philippines is a core origin in the WNLQ9 catalog, represented most strongly through Beer and Rum.","Philippines plays an important role in the current assortment, with product coverage that centers on Beer and Rum and regional strength in Islands. In commercial terms, the country reads as a reliable source of category-defining products with styles led by classic brewing traditions. This draft description is generated from live catalog patterns and is intended as a professional library entry that can later be refined with source-validated regional history where needed.",Region map available: no
country,Poland,,,,,23,spirits,catalog_and_taxonomy_rules,draft_ready,"Poland is a core origin in the WNLQ9 catalog, represented most strongly through Vodka.","Poland plays an important role in the current assortment, with product coverage that centers on Vodka and regional strength in key production areas. In commercial terms, the country reads as a reliable source of category-defining products with strength in Vodka. This draft description is generated from live catalog patterns and is intended as a professional library entry that can later be refined with source-validated regional history where needed. Across the present range, the most visible style signatures include Plain Vodka and Flavored Vodka.",Region map available: no
country,Portugal,,,,,48,"wine, beer, spirits",catalog_and_taxonomy_rules,draft_ready,"Portugal is a core origin in the WNLQ9 catalog, represented most strongly through Red Wine, Port Wine, and White Wine.","Portugal plays an important role in the current assortment, with product coverage that centers on Red Wine, Port Wine, and White Wine and regional strength in Douro, Others region, and Dão. In commercial terms, the country reads as a reliable source of category-defining products with a profile shaped by Antão Vaz, Arinto, Roupeiro, Touriga Nacional, Touriga Franca, Tinta Barroca, Tinta Roriz, and Tinta Negra Mole.. This draft description is generated from live catalog patterns and is intended as a professional library entry that can later be refined with source-validated regional history where needed. Across the present range, the most visible style signatures include Antão Vaz, Arinto, Roupeiro, Touriga Nacional, Touriga Franca, Tinta Barroca, Tinta Roriz, and Tinta Negra Mole..",Region map available: yes
country,Russia,,,,,43,spirits,catalog_and_taxonomy_rules,draft_ready,"Russia is a core origin in the WNLQ9 catalog, represented most strongly through Vodka.","Russia plays an important role in the current assortment, with product coverage that centers on Vodka and regional strength in Islands. In commercial terms, the country reads as a reliable source of category-defining products with strength in Vodka. This draft description is generated from live catalog patterns and is intended as a professional library entry that can later be refined with source-validated regional history where needed. Across the present range, the most visible style signatures include Plain Vodka and Flavored Vodka.",Region map available: no
country,Scotland,,,,,592,"spirits, wine, beer",catalog_and_taxonomy_rules,expert_reviewed,"Scotland is the home of Scotch whisky, with regional styles ranging from delicate and fruity to smoky, maritime, and deeply peated.","Scotland's whisky culture is defined by distillery identity, regional character, and long oak maturation. Speyside is known for elegant, fruit-led malts, Islay for smoke and peat, and Highland, Lowland, and Campbeltown each bring their own stylistic signatures. Blended Scotch remains commercially important, while single malts carry much of the prestige. Scotland is one of the essential origins in premium spirits retail.",Region map available: no
country,Siberia,,,,,1,spirits,catalog_and_taxonomy_rules,draft_ready,"Siberia is a core origin in the WNLQ9 catalog, represented most strongly through Vodka.","Siberia plays an important role in the current assortment, with product coverage that centers on Vodka and regional strength in key production areas. In commercial terms, the country reads as a reliable source of category-defining products with strength in Vodka. This draft description is generated from live catalog patterns and is intended as a professional library entry that can later be refined with source-validated regional history where needed. Across the present range, the most visible style signatures include Plain Vodka.",Region map available: no
country,Singapore,,,,,2,accessories,catalog_and_taxonomy_rules,draft_ready,"Singapore is a core origin in the WNLQ9 catalog, represented most strongly through Accessories.","Singapore plays an important role in the current assortment, with product coverage that centers on Accessories and regional strength in key production areas. In commercial terms, the country reads as a reliable source of category-defining products with a focus on Accessories. This draft description is generated from live catalog patterns and is intended as a professional library entry that can later be refined with source-validated regional history where needed.",Region map available: no
country,Slovakia,,,,,6,"spirits, wine",catalog_and_taxonomy_rules,draft_ready,"Slovakia is a core origin in the WNLQ9 catalog, represented most strongly through Liqueur and Sparkling Wine.","Slovakia plays an important role in the current assortment, with product coverage that centers on Liqueur and Sparkling Wine and regional strength in Others region. In commercial terms, the country reads as a reliable source of category-defining products with strength in Liqueur and Sparkling Wine. This draft description is generated from live catalog patterns and is intended as a professional library entry that can later be refined with source-validated regional history where needed. Across the present range, the most visible style signatures include Fruit Liqueur, 50 % Rebula – Autochthonous Variety From Goriška Brda, 50 % Chardonnay, and Pinot Noir.",Region map available: no
country,Slovenia,,,,,3,wine,catalog_and_taxonomy_rules,draft_ready,"Slovenia is a core origin in the WNLQ9 catalog, represented most strongly through Red Wine and White Wine.","Slovenia plays an important role in the current assortment, with product coverage that centers on Red Wine and White Wine and regional strength in Goriška Brda. In commercial terms, the country reads as a reliable source of category-defining products with a profile shaped by classic regional styles. This draft description is generated from live catalog patterns and is intended as a professional library entry that can later be refined with source-validated regional history where needed.",Region map available: no
country,South Africa,,,,,85,wine,catalog_and_taxonomy_rules,draft_ready,"South Africa is a core origin in the WNLQ9 catalog, represented most strongly through Red Wine, White Wine, and Sparkling Wine.","South Africa plays an important role in the current assortment, with product coverage that centers on Red Wine, White Wine, and Sparkling Wine and regional strength in Western Cape, Paarl, and Stellenbosch. In commercial terms, the country reads as a reliable source of category-defining products with a profile shaped by Cabernet Sauvignon, Chardonnay, and Sauvignon Blanc. This draft description is generated from live catalog patterns and is intended as a professional library entry that can later be refined with source-validated regional history where needed. Across the present range, the most visible style signatures include Cabernet Sauvignon, Chardonnay, and Sauvignon Blanc.",Region map available: yes
country,Spain,,,,,365,"wine, spirits, beer",catalog_and_taxonomy_rules,expert_reviewed,"Spain offers some of Europe's most characterful wines, from Rioja and Ribera del Duero reds to Sherry, Cava, and Atlantic whites.","Spain combines deep winemaking heritage with striking regional variety. Tempranillo leads many of its most famous reds, especially in Rioja and Ribera del Duero, while Garnacha, Albariño, Verdejo, and Monastrell all play important roles. Cava remains a major traditional-method sparkling category, and Jerez is the home of Sherry. Spain is a highly versatile country for both classic cellar bottles and approachable everyday wine.",Region map available: yes
country,Sweden,,,,,34,"spirits, beer",catalog_and_taxonomy_rules,draft_ready,"Sweden is a core origin in the WNLQ9 catalog, represented most strongly through Vodka and Beer.","Sweden plays an important role in the current assortment, with product coverage that centers on Vodka and Beer and regional strength in key production areas. In commercial terms, the country reads as a reliable source of category-defining products with strength in Vodka and Beer. This draft description is generated from live catalog patterns and is intended as a professional library entry that can later be refined with source-validated regional history where needed. Across the present range, the most visible style signatures include Plain Vodka and Flavored Vodka.",Region map available: no
country,Taiwan,,,,,21,"spirits, other",catalog_and_taxonomy_rules,draft_ready,"Taiwan is a core origin in the WNLQ9 catalog, represented most strongly through Whisky, Chinese Spirits, and Gin.","Taiwan plays an important role in the current assortment, with product coverage that centers on Whisky, Chinese Spirits, and Gin and regional strength in Islands. In commercial terms, the country reads as a reliable source of category-defining products with strength in Whisky, Chinese Spirits, and Gin. This draft description is generated from live catalog patterns and is intended as a professional library entry that can later be refined with source-validated regional history where needed. Across the present range, the most visible style signatures include Single Malt Whisky, Dry Gin, and Bourbon.",Region map available: no
country,Thailand,,,,,204,"accessories, spirits, wine",catalog_and_taxonomy_rules,expert_reviewed,"Thailand is an emerging drinks origin with growing visibility in rum, craft spirits, and tropical-fruit-led wine styles.","Thailand is still a niche origin in global drinks, but it has developed a distinctive modern identity in local rum, craft gin, fruit spirits, and tropical-climate wine. Domestic production often leans into aromatic ingredients, easy-drinking styles, and hospitality-friendly formats suited to warm weather. While it is not yet a classic fine wine country, Thailand has relevance in contemporary Asian beverage retail through local innovation and regional curiosity value.",Region map available: no
country,Trinidad,,,,,6,spirits,catalog_and_taxonomy_rules,draft_ready,"Trinidad is a core origin in the WNLQ9 catalog, represented most strongly through Liqueur and Rum.","Trinidad plays an important role in the current assortment, with product coverage that centers on Liqueur and Rum and regional strength in Caribbean. In commercial terms, the country reads as a reliable source of category-defining products with strength in Liqueur and Rum. This draft description is generated from live catalog patterns and is intended as a professional library entry that can later be refined with source-validated regional history where needed. Across the present range, the most visible style signatures include Herbal Liqueur, Aged Rum, and Gold Rum.",Region map available: no
country,Trinidad & Tobago,,,,,3,spirits,catalog_and_taxonomy_rules,draft_ready,"Trinidad & Tobago is a core origin in the WNLQ9 catalog, represented most strongly through Rum.","Trinidad & Tobago plays an important role in the current assortment, with product coverage that centers on Rum and regional strength in Caribbean. In commercial terms, the country reads as a reliable source of category-defining products with strength in Rum. This draft description is generated from live catalog patterns and is intended as a professional library entry that can later be refined with source-validated regional history where needed. Across the present range, the most visible style signatures include Spiced Rum.",Region map available: no
country,UK,,,,,91,"spirits, beer, other",catalog_and_taxonomy_rules,draft_ready,"UK is a core origin in the WNLQ9 catalog, represented most strongly through Gin, Beer, and Liqueur.","UK plays an important role in the current assortment, with product coverage that centers on Gin, Beer, and Liqueur and regional strength in Others region, Caribbean, and Champagne. In commercial terms, the country reads as a reliable source of category-defining products with strength in Gin, Beer, and Liqueur. This draft description is generated from live catalog patterns and is intended as a professional library entry that can later be refined with source-validated regional history where needed. Across the present range, the most visible style signatures include Dry Gin, London Dry Gin, and Herbal Liqueur.",Region map available: no
country,USA,,,,,870,"wine, spirits, accessories",catalog_and_taxonomy_rules,expert_reviewed,"The United States is a major premium wine and spirits producer, led by California wine and a broad whiskey tradition.","The United States combines scale with category breadth. California dominates fine wine through Napa Valley, Sonoma, and the Central Coast, especially for Cabernet Sauvignon, Chardonnay, and Pinot Noir, while Oregon and Washington add distinct regional styles. In spirits, bourbon, rye, and Tennessee whiskey shape the country's global identity, alongside a vibrant craft distilling scene. The result is a portfolio that ranges from classic to innovative across multiple price levels.",Region map available: yes
country,Uruguay,,,,,20,wine,catalog_and_taxonomy_rules,draft_ready,"Uruguay is a core origin in the WNLQ9 catalog, represented most strongly through Red Wine, White Wine, and Rose Wine.","Uruguay plays an important role in the current assortment, with product coverage that centers on Red Wine, White Wine, and Rose Wine and regional strength in Canelones, Others region, and Colonia. In commercial terms, the country reads as a reliable source of category-defining products with a profile shaped by Cabernet Sauvignon, Cabernet Franc, and Merlot. This draft description is generated from live catalog patterns and is intended as a professional library entry that can later be refined with source-validated regional history where needed. Across the present range, the most visible style signatures include Cabernet Sauvignon, Cabernet Franc, and Merlot.",Region map available: no
country,Venezuela,,,,,7,spirits,catalog_and_taxonomy_rules,draft_ready,"Venezuela is a core origin in the WNLQ9 catalog, represented most strongly through Rum.","Venezuela plays an important role in the current assortment, with product coverage that centers on Rum and regional strength in key production areas. In commercial terms, the country reads as a reliable source of category-defining products with strength in Rum. This draft description is generated from live catalog patterns and is intended as a professional library entry that can later be refined with source-validated regional history where needed. Across the present range, the most visible style signatures include White Rum.",Region map available: no
country,Vietnam,,,,,8,spirits,catalog_and_taxonomy_rules,draft_ready,"Vietnam is a core origin in the WNLQ9 catalog, represented most strongly through Gin, Sake/Shochu, and Vodka.","Vietnam plays an important role in the current assortment, with product coverage that centers on Gin, Sake/Shochu, and Vodka and regional strength in key production areas. In commercial terms, the country reads as a reliable source of category-defining products with strength in Gin, Sake/Shochu, and Vodka. This draft description is generated from live catalog patterns and is intended as a professional library entry that can later be refined with source-validated regional history where needed. Across the present range, the most visible style signatures include Dry Gin and Plain Vodka.",Region map available: no
